Media Type,Post Date,Political Party,Post Number
GraphImage,2024-03-08 23:59:01,PS,1
GraphVideo,2024-03-08 23:36:30,PS,2
GraphVideo,2024-03-08 23:01:58,PS,3
GraphSidecar,2024-03-08 22:36:24,PS,4
GraphSidecar,2024-03-08 22:01:47,PS,5
GraphSidecar,2024-03-08 21:13:29,PS,6
GraphVideo,2024-03-08 19:59:34,PS,7
GraphImage,2024-03-08 17:35:37,PS,8
GraphVideo,2024-03-08 16:51:53,PS,9
GraphSidecar,2024-03-08 15:35:04,PS,10
GraphVideo,2024-03-08 13:48:47,PS,11
GraphVideo,2024-03-08 12:53:04,PS,12
GraphImage,2024-03-08 09:09:48,PS,13
GraphVideo,2024-03-08 07:01:06,PS,14
GraphSidecar,2024-03-08 01:36:41,PS,15
GraphImage,2024-03-08 00:03:28,PS,16
GraphVideo,2024-03-07 21:19:03,PS,17
GraphSidecar,2024-03-07 20:27:47,PS,18
GraphImage,2024-03-07 19:12:01,PS,19
GraphSidecar,2024-03-07 18:44:34,PS,20
GraphVideo,2024-03-07 18:03:49,PS,21
GraphSidecar,2024-03-07 15:48:42,PS,22
GraphVideo,2024-03-07 13:42:42,PS,23
GraphVideo,2024-03-07 12:53:35,PS,24
GraphVideo,2024-03-07 09:59:10,PS,25
GraphVideo,2024-03-06 23:34:02,PS,26
GraphVideo,2024-03-06 20:33:06,PS,27
GraphSidecar,2024-03-06 19:59:09,PS,28
GraphImage,2024-03-06 19:28:18,PS,29
GraphImage,2024-03-06 17:17:56,PS,30
GraphSidecar,2024-03-06 16:52:52,PS,31
GraphVideo,2024-03-06 15:56:06,PS,32
GraphVideo,2024-03-06 14:27:23,PS,33
GraphSidecar,2024-03-06 10:46:28,PS,34
GraphSidecar,2024-03-05 21:50:20,PS,35
GraphVideo,2024-03-05 18:14:41,PS,36
GraphVideo,2024-03-05 17:53:39,PS,37
GraphVideo,2024-03-05 12:44:38,PS,38
GraphSidecar,2024-03-05 09:47:22,PS,39
GraphSidecar,2024-03-04 21:48:42,PS,40
GraphSidecar,2024-03-04 21:00:23,PS,41
GraphVideo,2024-03-04 19:40:02,PS,42
GraphSidecar,2024-03-04 17:47:41,PS,43
GraphSidecar,2024-03-04 17:13:47,PS,44
GraphVideo,2024-03-04 13:15:41,PS,45
GraphSidecar,2024-03-04 01:16:05,PS,46
GraphVideo,2024-03-03 23:58:17,PS,47
GraphSidecar,2024-03-03 23:27:42,PS,48
GraphVideo,2024-03-03 19:22:36,PS,49
GraphImage,2024-03-03 18:14:07,PS,50
GraphSidecar,2024-03-03 17:10:52,PS,51
GraphVideo,2024-03-03 16:35:37,PS,52
GraphVideo,2024-03-03 14:11:16,PS,53
GraphImage,2024-03-03 13:08:31,PS,54
GraphVideo,2024-03-03 11:06:20,PS,55
GraphSidecar,2024-03-03 01:02:04,PS,56
GraphImage,2024-03-02 19:41:38,PS,57
GraphVideo,2024-03-02 19:09:28,PS,58
GraphSidecar,2024-03-02 17:36:00,PS,59
GraphVideo,2024-03-02 15:04:48,PS,60
GraphVideo,2024-03-02 11:26:05,PS,61
GraphSidecar,2024-03-02 01:19:31,PS,62
GraphSidecar,2024-03-01 22:56:14,PS,63
GraphVideo,2024-03-01 20:56:29,PS,64
GraphVideo,2024-03-01 19:55:10,PS,65
GraphSidecar,2024-03-01 17:14:58,PS,66
GraphVideo,2024-03-01 14:52:29,PS,67
GraphImage,2024-03-01 12:35:55,PS,68
GraphVideo,2024-03-01 10:22:42,PS,69
GraphSidecar,2024-03-01 00:53:21,PS,70
GraphVideo,2024-02-29 23:23:23,PS,71
GraphSidecar,2024-02-29 18:43:31,PS,72
GraphSidecar,2024-02-29 16:25:23,PS,73
GraphVideo,2024-02-29 14:05:12,PS,74
GraphImage,2024-02-29 11:46:33,PS,75
GraphSidecar,2024-02-29 01:43:48,PS,76
GraphVideo,2024-02-29 00:18:42,PS,77
GraphVideo,2024-02-28 21:59:44,PS,78
GraphSidecar,2024-02-28 20:45:36,PS,79
GraphVideo,2024-02-28 19:52:05,PS,80
GraphVideo,2024-02-28 13:24:35,PS,81
GraphSidecar,2024-02-28 11:11:39,PS,82
GraphImage,2024-02-28 00:14:12,PS,83
GraphVideo,2024-02-27 21:14:03,PS,84
GraphSidecar,2024-02-27 19:41:18,PS,85
GraphVideo,2024-02-27 15:40:09,PS,86
GraphSidecar,2024-02-27 11:51:26,PS,87
GraphVideo,2024-02-27 02:12:53,PS,88
GraphVideo,2024-02-26 21:43:40,PS,89
GraphVideo,2024-02-26 14:51:06,PS,90
GraphVideo,2024-02-26 10:16:01,PS,91
GraphSidecar,2024-02-25 21:31:35,PS,92
GraphVideo,2024-02-25 20:00:45,PS,93
GraphImage,2024-02-25 16:41:41,PS,94
GraphImage,2024-02-25 16:05:38,PS,95
GraphSidecar,2024-02-25 14:21:45,PS,96
GraphVideo,2024-02-25 12:44:59,PS,97
GraphVideo,2024-02-25 00:00:46,PS,98
GraphSidecar,2024-02-24 23:42:09,PS,99
GraphImage,2024-02-24 19:08:14,PS,100
GraphVideo,2024-02-24 16:39:07,PS,101
GraphVideo,2024-02-24 09:35:15,PS,102
GraphVideo,2024-02-23 18:08:20,PS,103
GraphImage,2024-02-23 15:52:49,PS,104
GraphImage,2024-02-23 10:55:22,PS,105
GraphVideo,2024-02-22 20:38:49,PS,106
GraphVideo,2024-02-22 15:43:03,PS,107
GraphSidecar,2024-02-22 10:30:50,PS,108
GraphImage,2024-02-22 01:27:51,PS,109
GraphVideo,2024-02-21 23:12:42,PS,110
GraphSidecar,2024-02-21 21:34:31,PS,111
GraphVideo,2024-02-21 16:08:58,PS,112
GraphImage,2024-02-21 13:41:50,PS,113
GraphVideo,2024-02-20 22:37:53,PS,114
GraphSidecar,2024-02-20 22:13:02,PS,115
GraphImage,2024-02-20 17:44:56,PS,116
GraphSidecar,2024-02-20 13:14:52,PS,117
GraphVideo,2024-02-20 00:16:24,PS,118
GraphVideo,2024-02-19 23:22:55,PS,119
GraphVideo,2024-02-19 17:17:14,PS,120
GraphImage,2024-02-19 13:22:41,PS,121
GraphImage,2024-02-18 23:57:32,PS,122
GraphVideo,2024-02-18 19:12:41,PS,123
GraphVideo,2024-02-18 12:55:34,PS,124
GraphImage,2024-02-18 10:07:45,PS,125
GraphVideo,2024-02-17 21:51:05,PS,126
GraphVideo,2024-02-17 19:33:28,PS,127
GraphImage,2024-02-17 18:48:20,PS,128
GraphImage,2024-02-17 14:59:05,PS,129
GraphImage,2024-02-17 12:34:21,PS,130
GraphVideo,2024-02-17 10:59:17,PS,131
GraphVideo,2024-02-16 23:20:10,PS,132
GraphVideo,2024-02-16 22:25:27,PS,133
GraphVideo,2024-02-16 17:21:13,PS,134
GraphImage,2024-02-16 16:22:50,PS,135
GraphSidecar,2024-02-16 13:50:48,PS,136
GraphImage,2024-02-16 10:26:01,PS,137
GraphVideo,2024-02-15 23:32:40,PS,138
GraphVideo,2024-02-15 20:02:18,PS,139
GraphSidecar,2024-02-15 16:45:08,PS,140
GraphVideo,2024-02-15 09:04:21,PS,141
GraphVideo,2024-02-14 23:31:16,PS,142
GraphVideo,2024-02-14 22:22:05,PS,143
GraphImage,2024-02-14 18:33:14,PS,144
GraphVideo,2024-02-14 09:30:24,PS,145
GraphSidecar,2024-02-13 22:13:05,PS,146
GraphVideo,2024-02-13 18:06:08,PS,147
GraphVideo,2024-02-13 15:36:02,PS,148
GraphSidecar,2024-02-12 23:46:06,PS,149
GraphVideo,2024-02-12 22:04:34,PS,150
GraphVideo,2024-02-12 19:20:08,PS,151
GraphVideo,2024-02-12 15:29:59,PS,152
GraphVideo,2024-02-12 12:46:29,PS,153
GraphSidecar,2024-02-11 23:09:03,PS,154
GraphImage,2024-02-11 19:33:25,PS,155
GraphVideo,2024-02-11 12:45:33,PS,156
GraphVideo,2024-02-11 00:17:09,PS,157
GraphVideo,2024-02-10 22:28:07,PS,158
GraphVideo,2024-02-10 22:15:25,PS,159
GraphVideo,2024-02-10 16:40:12,PS,160
GraphImage,2024-02-10 15:40:39,PS,161
GraphImage,2024-02-10 13:40:03,PS,162
GraphImage,2024-02-09 22:48:07,PS,163
GraphVideo,2024-02-09 22:16:58,PS,164
GraphImage,2024-02-09 19:05:13,PS,165
GraphImage,2024-02-09 10:37:40,PS,166
GraphSidecar,2024-02-08 23:49:47,PS,167
GraphSidecar,2024-02-08 22:14:20,PS,168
GraphVideo,2024-02-08 18:13:41,PS,169
GraphImage,2024-02-08 16:59:59,PS,170
GraphImage,2024-02-08 10:14:20,PS,171
GraphSidecar,2024-02-07 23:26:11,PS,172
GraphVideo,2024-02-07 21:49:02,PS,173
GraphVideo,2024-02-07 17:51:45,PS,174
GraphImage,2024-02-07 13:52:55,PS,175
GraphImage,2024-02-07 09:53:37,PS,176
GraphSidecar,2024-02-06 21:10:13,PS,177
GraphVideo,2024-02-06 19:06:06,PS,178
GraphVideo,2024-02-06 00:18:43,PS,179
GraphSidecar,2024-02-05 22:40:06,PS,180
GraphVideo,2024-02-05 22:19:31,PS,181
GraphVideo,2024-02-05 15:43:43,PS,182
GraphImage,2024-02-05 12:18:01,PS,183
GraphVideo,2024-02-05 01:37:48,PS,184
GraphVideo,2024-02-04 15:38:13,PS,185
GraphSidecar,2024-02-03 00:15:41,PS,186
GraphSidecar,2024-02-03 00:06:17,PS,187
GraphSidecar,2024-02-02 16:36:34,PS,188
GraphVideo,2024-02-02 14:48:32,PS,189
GraphSidecar,2024-02-02 09:43:56,PS,190
GraphVideo,2024-02-02 00:30:42,PS,191
GraphImage,2024-02-01 13:31:08,PS,192
GraphImage,2024-02-01 09:47:43,PS,193
GraphVideo,2024-02-01 08:06:57,PS,194
GraphSidecar,2024-01-31 23:58:12,PS,195
GraphImage,2024-01-31 19:20:13,PS,196
GraphVideo,2024-01-31 16:05:26,PS,197
GraphSidecar,2024-01-31 13:58:56,PS,198
GraphVideo,2024-01-31 12:24:07,PS,199
GraphVideo,2024-01-30 21:36:45,PS,200
GraphSidecar,2024-01-30 17:58:31,PS,201
GraphImage,2024-01-30 15:22:24,PS,202
GraphImage,2024-01-30 11:46:13,PS,203
GraphSidecar,2024-01-29 19:05:23,PS,204
GraphVideo,2024-01-29 13:37:38,PS,205
GraphSidecar,2024-01-29 12:04:10,PS,206
GraphVideo,2024-01-28 22:32:25,PS,207
GraphSidecar,2024-01-28 20:43:52,PS,208
GraphVideo,2024-01-28 18:27:30,PS,209
GraphVideo,2024-01-28 12:20:56,PS,210
GraphSidecar,2024-01-28 09:01:09,PS,211
GraphVideo,2024-01-27 22:50:02,PS,212
GraphSidecar,2024-01-27 20:17:23,PS,213
GraphVideo,2024-01-27 18:21:35,PS,214
GraphImage,2024-01-26 20:16:46,PS,215
GraphVideo,2024-01-26 12:41:26,PS,216
GraphSidecar,2024-01-25 21:30:23,PS,217
GraphVideo,2024-01-25 20:34:17,PS,218
GraphVideo,2024-01-25 17:49:03,PS,219
GraphImage,2024-01-24 23:14:43,PS,220
GraphVideo,2024-01-24 10:04:52,PS,221
GraphSidecar,2024-01-24 00:45:13,PS,222
GraphImage,2024-01-23 21:47:52,PS,223
GraphVideo,2024-01-23 18:44:53,PS,224
GraphImage,2024-01-23 12:04:43,PS,225
GraphVideo,2024-01-22 20:53:14,PS,226
GraphSidecar,2024-01-22 13:27:31,PS,227
GraphVideo,2024-01-21 20:53:24,PS,228
GraphSidecar,2024-01-21 09:12:27,PS,229
GraphVideo,2024-01-20 20:04:21,PS,230
GraphSidecar,2024-01-20 11:09:53,PS,231
GraphImage,2024-01-19 22:57:41,PS,232
GraphVideo,2024-01-19 18:30:00,PS,233
GraphSidecar,2024-01-19 16:47:49,PS,234
GraphSidecar,2024-01-18 20:39:16,PS,235
GraphVideo,2024-01-18 12:52:35,PS,236
GraphVideo,2024-01-17 20:46:26,PS,237
GraphVideo,2024-01-17 12:12:17,PS,238
GraphSidecar,2024-01-14 18:43:57,PS,239
GraphVideo,2024-01-14 14:14:18,PS,240
GraphSidecar,2024-01-13 17:17:05,PS,241
GraphVideo,2024-01-13 15:13:03,PS,242
GraphVideo,2024-01-13 13:01:36,PS,243
GraphVideo,2024-01-12 19:59:22,PS,244
GraphVideo,2024-01-12 10:31:50,PS,245
GraphVideo,2024-01-11 17:18:21,PS,246
GraphVideo,2024-01-10 20:18:50,PS,247
GraphImage,2024-01-09 21:03:20,PS,248
GraphVideo,2024-01-08 19:10:46,PS,249
GraphSidecar,2024-01-08 00:09:27,PS,250
GraphVideo,2024-01-07 21:04:47,PS,251
GraphSidecar,2024-01-07 17:40:06,PS,252
GraphImage,2024-01-07 16:37:11,PS,253
GraphVideo,2024-01-07 13:17:15,PS,254
GraphSidecar,2024-01-07 00:06:29,PS,255
GraphVideo,2024-01-06 19:32:07,PS,256
GraphSidecar,2024-01-06 15:07:37,PS,257
GraphVideo,2024-01-06 12:50:20,PS,258
GraphVideo,2024-01-06 10:33:50,PS,259
GraphSidecar,2024-01-06 00:08:03,PS,260
GraphImage,2024-03-08 23:30:46,PPD/PSD.CDS-PP.PPM,1
GraphVideo,2024-03-08 23:29:13,PPD/PSD.CDS-PP.PPM,2
GraphVideo,2024-03-08 23:17:56,PPD/PSD.CDS-PP.PPM,3
GraphSidecar,2024-03-08 22:19:55,PPD/PSD.CDS-PP.PPM,4
GraphSidecar,2024-03-08 21:42:43,PPD/PSD.CDS-PP.PPM,5
GraphVideo,2024-03-08 18:07:56,PPD/PSD.CDS-PP.PPM,6
GraphSidecar,2024-03-08 17:48:17,PPD/PSD.CDS-PP.PPM,7
GraphVideo,2024-03-08 16:13:22,PPD/PSD.CDS-PP.PPM,8
GraphSidecar,2024-03-08 14:41:24,PPD/PSD.CDS-PP.PPM,9
GraphVideo,2024-03-08 12:11:59,PPD/PSD.CDS-PP.PPM,10
GraphVideo,2024-03-08 11:31:14,PPD/PSD.CDS-PP.PPM,11
GraphVideo,2024-03-08 10:01:53,PPD/PSD.CDS-PP.PPM,12
GraphVideo,2024-03-08 09:29:29,PPD/PSD.CDS-PP.PPM,13
GraphVideo,2024-03-08 07:59:08,PPD/PSD.CDS-PP.PPM,14
GraphSidecar,2024-03-07 22:55:07,PPD/PSD.CDS-PP.PPM,15
GraphVideo,2024-03-07 22:28:29,PPD/PSD.CDS-PP.PPM,16
GraphSidecar,2024-03-07 21:51:15,PPD/PSD.CDS-PP.PPM,17
GraphImage,2024-03-07 15:29:21,PPD/PSD.CDS-PP.PPM,18
GraphSidecar,2024-03-07 14:09:39,PPD/PSD.CDS-PP.PPM,19
GraphSidecar,2024-03-07 10:50:48,PPD/PSD.CDS-PP.PPM,20
GraphVideo,2024-03-07 10:11:27,PPD/PSD.CDS-PP.PPM,21
GraphVideo,2024-03-06 23:16:16,PPD/PSD.CDS-PP.PPM,22
GraphSidecar,2024-03-06 23:12:47,PPD/PSD.CDS-PP.PPM,23
GraphVideo,2024-03-06 21:48:53,PPD/PSD.CDS-PP.PPM,24
GraphSidecar,2024-03-06 18:41:13,PPD/PSD.CDS-PP.PPM,25
GraphVideo,2024-03-06 17:30:45,PPD/PSD.CDS-PP.PPM,26
GraphSidecar,2024-03-06 15:01:42,PPD/PSD.CDS-PP.PPM,27
GraphVideo,2024-03-06 10:43:23,PPD/PSD.CDS-PP.PPM,28
GraphVideo,2024-03-06 01:20:34,PPD/PSD.CDS-PP.PPM,29
GraphSidecar,2024-03-06 00:49:50,PPD/PSD.CDS-PP.PPM,30
GraphSidecar,2024-03-05 23:02:03,PPD/PSD.CDS-PP.PPM,31
GraphVideo,2024-03-05 19:58:23,PPD/PSD.CDS-PP.PPM,32
GraphSidecar,2024-03-05 17:03:52,PPD/PSD.CDS-PP.PPM,33
GraphSidecar,2024-03-05 15:05:01,PPD/PSD.CDS-PP.PPM,34
GraphSidecar,2024-03-05 13:24:01,PPD/PSD.CDS-PP.PPM,35
GraphVideo,2024-03-05 10:59:37,PPD/PSD.CDS-PP.PPM,36
GraphVideo,2024-03-05 09:34:37,PPD/PSD.CDS-PP.PPM,37
GraphImage,2024-03-04 23:01:33,PPD/PSD.CDS-PP.PPM,38
GraphSidecar,2024-03-04 22:50:41,PPD/PSD.CDS-PP.PPM,39
GraphSidecar,2024-03-04 21:05:01,PPD/PSD.CDS-PP.PPM,40
GraphSidecar,2024-03-04 16:51:27,PPD/PSD.CDS-PP.PPM,41
GraphSidecar,2024-03-04 15:17:23,PPD/PSD.CDS-PP.PPM,42
GraphVideo,2024-03-04 12:26:30,PPD/PSD.CDS-PP.PPM,43
GraphVideo,2024-03-04 10:53:37,PPD/PSD.CDS-PP.PPM,44
GraphVideo,2024-03-04 10:34:48,PPD/PSD.CDS-PP.PPM,45
GraphSidecar,2024-03-03 22:10:32,PPD/PSD.CDS-PP.PPM,46
GraphVideo,2024-03-03 21:08:06,PPD/PSD.CDS-PP.PPM,47
GraphVideo,2024-03-03 19:43:50,PPD/PSD.CDS-PP.PPM,48
GraphSidecar,2024-03-03 19:02:24,PPD/PSD.CDS-PP.PPM,49
GraphVideo,2024-03-03 18:12:21,PPD/PSD.CDS-PP.PPM,50
GraphSidecar,2024-03-03 15:18:10,PPD/PSD.CDS-PP.PPM,51
GraphSidecar,2024-03-03 14:29:40,PPD/PSD.CDS-PP.PPM,52
GraphSidecar,2024-03-03 13:50:49,PPD/PSD.CDS-PP.PPM,53
GraphVideo,2024-03-03 12:24:33,PPD/PSD.CDS-PP.PPM,54
GraphImage,2024-03-03 09:01:10,PPD/PSD.CDS-PP.PPM,55
GraphVideo,2024-03-03 08:15:42,PPD/PSD.CDS-PP.PPM,56
GraphSidecar,2024-03-03 00:00:16,PPD/PSD.CDS-PP.PPM,57
GraphVideo,2024-03-02 23:11:01,PPD/PSD.CDS-PP.PPM,58
GraphSidecar,2024-03-02 22:55:36,PPD/PSD.CDS-PP.PPM,59
GraphVideo,2024-03-02 22:44:08,PPD/PSD.CDS-PP.PPM,60
GraphVideo,2024-03-02 21:58:24,PPD/PSD.CDS-PP.PPM,61
GraphSidecar,2024-03-02 19:14:42,PPD/PSD.CDS-PP.PPM,62
GraphVideo,2024-03-02 18:15:14,PPD/PSD.CDS-PP.PPM,63
GraphVideo,2024-03-02 17:39:27,PPD/PSD.CDS-PP.PPM,64
GraphSidecar,2024-03-02 14:35:17,PPD/PSD.CDS-PP.PPM,65
GraphImage,2024-03-02 12:57:25,PPD/PSD.CDS-PP.PPM,66
GraphVideo,2024-03-02 11:38:05,PPD/PSD.CDS-PP.PPM,67
GraphVideo,2024-03-02 10:18:58,PPD/PSD.CDS-PP.PPM,68
GraphVideo,2024-03-02 08:04:19,PPD/PSD.CDS-PP.PPM,69
GraphSidecar,2024-03-02 01:56:23,PPD/PSD.CDS-PP.PPM,70
GraphSidecar,2024-03-02 01:48:27,PPD/PSD.CDS-PP.PPM,71
GraphVideo,2024-03-01 21:06:12,PPD/PSD.CDS-PP.PPM,72
GraphSidecar,2024-03-01 19:24:19,PPD/PSD.CDS-PP.PPM,73
GraphSidecar,2024-03-01 15:42:58,PPD/PSD.CDS-PP.PPM,74
GraphSidecar,2024-03-01 14:40:40,PPD/PSD.CDS-PP.PPM,75
GraphVideo,2024-03-01 09:59:17,PPD/PSD.CDS-PP.PPM,76
GraphSidecar,2024-03-01 00:18:25,PPD/PSD.CDS-PP.PPM,77
GraphSidecar,2024-02-29 23:46:57,PPD/PSD.CDS-PP.PPM,78
GraphVideo,2024-02-29 21:09:14,PPD/PSD.CDS-PP.PPM,79
GraphSidecar,2024-02-29 17:09:10,PPD/PSD.CDS-PP.PPM,80
GraphVideo,2024-02-29 14:33:14,PPD/PSD.CDS-PP.PPM,81
GraphSidecar,2024-02-29 10:52:08,PPD/PSD.CDS-PP.PPM,82
GraphVideo,2024-02-29 08:58:02,PPD/PSD.CDS-PP.PPM,83
GraphVideo,2024-02-29 08:15:39,PPD/PSD.CDS-PP.PPM,84
GraphSidecar,2024-02-28 23:49:25,PPD/PSD.CDS-PP.PPM,85
GraphVideo,2024-02-28 21:58:01,PPD/PSD.CDS-PP.PPM,86
GraphVideo,2024-02-28 14:23:34,PPD/PSD.CDS-PP.PPM,87
GraphSidecar,2024-02-28 11:31:19,PPD/PSD.CDS-PP.PPM,88
GraphVideo,2024-02-28 10:53:18,PPD/PSD.CDS-PP.PPM,89
GraphSidecar,2024-02-27 23:36:41,PPD/PSD.CDS-PP.PPM,90
GraphVideo,2024-02-27 23:07:08,PPD/PSD.CDS-PP.PPM,91
GraphSidecar,2024-02-27 22:21:55,PPD/PSD.CDS-PP.PPM,92
GraphSidecar,2024-02-27 19:39:32,PPD/PSD.CDS-PP.PPM,93
GraphSidecar,2024-02-27 17:18:00,PPD/PSD.CDS-PP.PPM,94
GraphVideo,2024-02-27 14:37:14,PPD/PSD.CDS-PP.PPM,95
GraphVideo,2024-02-26 23:50:27,PPD/PSD.CDS-PP.PPM,96
GraphSidecar,2024-02-26 23:19:22,PPD/PSD.CDS-PP.PPM,97
GraphSidecar,2024-02-26 22:14:43,PPD/PSD.CDS-PP.PPM,98
GraphVideo,2024-02-26 21:28:44,PPD/PSD.CDS-PP.PPM,99
GraphSidecar,2024-02-26 19:07:13,PPD/PSD.CDS-PP.PPM,100
GraphVideo,2024-02-26 12:29:13,PPD/PSD.CDS-PP.PPM,101
GraphVideo,2024-02-26 09:01:41,PPD/PSD.CDS-PP.PPM,102
GraphVideo,2024-02-25 23:27:18,PPD/PSD.CDS-PP.PPM,103
GraphVideo,2024-02-25 22:16:12,PPD/PSD.CDS-PP.PPM,104
GraphSidecar,2024-02-25 19:21:49,PPD/PSD.CDS-PP.PPM,105
GraphSidecar,2024-02-25 17:38:38,PPD/PSD.CDS-PP.PPM,106
GraphSidecar,2024-02-25 16:14:18,PPD/PSD.CDS-PP.PPM,107
GraphSidecar,2024-02-25 09:00:10,PPD/PSD.CDS-PP.PPM,108
GraphVideo,2024-02-25 00:19:07,PPD/PSD.CDS-PP.PPM,109
GraphSidecar,2024-02-24 22:34:09,PPD/PSD.CDS-PP.PPM,110
GraphSidecar,2024-02-24 21:30:04,PPD/PSD.CDS-PP.PPM,111
GraphVideo,2024-02-24 17:03:35,PPD/PSD.CDS-PP.PPM,112
GraphSidecar,2024-02-24 15:28:14,PPD/PSD.CDS-PP.PPM,113
GraphVideo,2024-02-24 12:05:55,PPD/PSD.CDS-PP.PPM,114
GraphImage,2024-02-23 23:50:10,PPD/PSD.CDS-PP.PPM,115
GraphVideo,2024-02-23 18:14:15,PPD/PSD.CDS-PP.PPM,116
GraphSidecar,2024-02-23 17:14:21,PPD/PSD.CDS-PP.PPM,117
GraphVideo,2024-02-23 12:40:22,PPD/PSD.CDS-PP.PPM,118
GraphVideo,2024-02-23 11:37:28,PPD/PSD.CDS-PP.PPM,119
GraphSidecar,2024-02-23 10:35:58,PPD/PSD.CDS-PP.PPM,120
GraphSidecar,2024-02-22 23:56:42,PPD/PSD.CDS-PP.PPM,121
GraphVideo,2024-02-22 22:58:46,PPD/PSD.CDS-PP.PPM,122
GraphVideo,2024-02-22 18:37:55,PPD/PSD.CDS-PP.PPM,123
GraphSidecar,2024-02-22 14:34:11,PPD/PSD.CDS-PP.PPM,124
GraphSidecar,2024-02-22 13:39:00,PPD/PSD.CDS-PP.PPM,125
GraphSidecar,2024-02-22 10:35:27,PPD/PSD.CDS-PP.PPM,126
GraphSidecar,2024-02-22 09:01:28,PPD/PSD.CDS-PP.PPM,127
GraphSidecar,2024-02-21 19:59:32,PPD/PSD.CDS-PP.PPM,128
GraphSidecar,2024-02-21 18:29:24,PPD/PSD.CDS-PP.PPM,129
GraphVideo,2024-02-21 17:49:38,PPD/PSD.CDS-PP.PPM,130
GraphVideo,2024-02-21 12:53:45,PPD/PSD.CDS-PP.PPM,131
GraphSidecar,2024-02-20 23:31:57,PPD/PSD.CDS-PP.PPM,132
GraphSidecar,2024-02-20 18:31:32,PPD/PSD.CDS-PP.PPM,133
GraphSidecar,2024-02-20 15:58:36,PPD/PSD.CDS-PP.PPM,134
GraphVideo,2024-02-20 11:30:05,PPD/PSD.CDS-PP.PPM,135
GraphVideo,2024-02-20 10:38:27,PPD/PSD.CDS-PP.PPM,136
GraphSidecar,2024-02-20 09:01:09,PPD/PSD.CDS-PP.PPM,137
GraphSidecar,2024-02-19 23:40:12,PPD/PSD.CDS-PP.PPM,138
GraphVideo,2024-02-19 22:38:23,PPD/PSD.CDS-PP.PPM,139
GraphSidecar,2024-02-19 22:08:51,PPD/PSD.CDS-PP.PPM,140
GraphVideo,2024-02-19 20:09:17,PPD/PSD.CDS-PP.PPM,141
GraphVideo,2024-02-19 13:18:37,PPD/PSD.CDS-PP.PPM,142
GraphVideo,2024-02-19 12:09:07,PPD/PSD.CDS-PP.PPM,143
GraphVideo,2024-02-18 22:22:01,PPD/PSD.CDS-PP.PPM,144
GraphSidecar,2024-02-18 18:00:06,PPD/PSD.CDS-PP.PPM,145
GraphSidecar,2024-02-18 17:16:48,PPD/PSD.CDS-PP.PPM,146
GraphSidecar,2024-02-18 12:54:14,PPD/PSD.CDS-PP.PPM,147
GraphVideo,2024-02-18 00:11:55,PPD/PSD.CDS-PP.PPM,148
GraphSidecar,2024-02-17 20:51:15,PPD/PSD.CDS-PP.PPM,149
GraphSidecar,2024-02-17 20:16:53,PPD/PSD.CDS-PP.PPM,150
GraphSidecar,2024-02-17 19:26:19,PPD/PSD.CDS-PP.PPM,151
GraphVideo,2024-02-16 19:59:47,PPD/PSD.CDS-PP.PPM,152
GraphVideo,2024-02-15 18:55:13,PPD/PSD.CDS-PP.PPM,153
GraphVideo,2024-02-15 15:00:04,PPD/PSD.CDS-PP.PPM,154
GraphVideo,2024-02-15 12:45:01,PPD/PSD.CDS-PP.PPM,155
GraphVideo,2024-02-14 20:01:15,PPD/PSD.CDS-PP.PPM,156
GraphVideo,2024-02-14 16:00:28,PPD/PSD.CDS-PP.PPM,157
GraphVideo,2024-02-14 08:59:36,PPD/PSD.CDS-PP.PPM,158
GraphVideo,2024-02-13 20:00:16,PPD/PSD.CDS-PP.PPM,159
GraphVideo,2024-02-13 13:01:27,PPD/PSD.CDS-PP.PPM,160
GraphSidecar,2024-02-12 22:54:31,PPD/PSD.CDS-PP.PPM,161
GraphVideo,2024-02-12 22:29:00,PPD/PSD.CDS-PP.PPM,162
GraphVideo,2024-02-12 14:23:56,PPD/PSD.CDS-PP.PPM,163
GraphVideo,2024-02-12 13:00:50,PPD/PSD.CDS-PP.PPM,164
GraphVideo,2024-02-12 11:41:07,PPD/PSD.CDS-PP.PPM,165
GraphSidecar,2024-02-11 22:55:21,PPD/PSD.CDS-PP.PPM,166
GraphVideo,2024-02-11 12:21:50,PPD/PSD.CDS-PP.PPM,167
GraphVideo,2024-02-11 10:05:19,PPD/PSD.CDS-PP.PPM,168
GraphVideo,2024-02-10 23:14:25,PPD/PSD.CDS-PP.PPM,169
GraphSidecar,2024-02-10 22:22:14,PPD/PSD.CDS-PP.PPM,170
GraphSidecar,2024-02-10 21:40:51,PPD/PSD.CDS-PP.PPM,171
GraphVideo,2024-02-10 16:14:03,PPD/PSD.CDS-PP.PPM,172
GraphVideo,2024-02-10 10:30:25,PPD/PSD.CDS-PP.PPM,173
GraphVideo,2024-02-09 21:29:18,PPD/PSD.CDS-PP.PPM,174
GraphSidecar,2024-02-09 20:30:15,PPD/PSD.CDS-PP.PPM,175
GraphSidecar,2024-02-09 20:02:45,PPD/PSD.CDS-PP.PPM,176
GraphImage,2024-02-09 18:05:20,PPD/PSD.CDS-PP.PPM,177
GraphVideo,2024-02-09 09:59:27,PPD/PSD.CDS-PP.PPM,178
GraphVideo,2024-02-08 20:59:10,PPD/PSD.CDS-PP.PPM,179
GraphSidecar,2024-02-08 19:53:18,PPD/PSD.CDS-PP.PPM,180
GraphVideo,2024-02-08 11:31:20,PPD/PSD.CDS-PP.PPM,181
GraphVideo,2024-02-07 20:59:44,PPD/PSD.CDS-PP.PPM,182
GraphVideo,2024-02-07 19:59:29,PPD/PSD.CDS-PP.PPM,183
GraphSidecar,2024-02-07 19:36:30,PPD/PSD.CDS-PP.PPM,184
GraphSidecar,2024-02-07 16:20:32,PPD/PSD.CDS-PP.PPM,185
GraphVideo,2024-02-07 12:06:41,PPD/PSD.CDS-PP.PPM,186
GraphSidecar,2024-02-07 00:49:21,PPD/PSD.CDS-PP.PPM,187
GraphSidecar,2024-02-05 20:29:59,PPD/PSD.CDS-PP.PPM,188
GraphVideo,2024-02-05 19:37:14,PPD/PSD.CDS-PP.PPM,189
GraphSidecar,2024-02-05 14:56:52,PPD/PSD.CDS-PP.PPM,190
GraphSidecar,2024-02-05 12:15:28,PPD/PSD.CDS-PP.PPM,191
GraphSidecar,2024-02-05 10:47:18,PPD/PSD.CDS-PP.PPM,192
GraphImage,2024-02-04 23:21:05,PPD/PSD.CDS-PP.PPM,193
GraphImage,2024-02-02 23:00:04,PPD/PSD.CDS-PP.PPM,194
GraphSidecar,2024-02-02 20:13:26,PPD/PSD.CDS-PP.PPM,195
GraphSidecar,2024-02-02 11:04:15,PPD/PSD.CDS-PP.PPM,196
GraphVideo,2024-02-02 08:59:32,PPD/PSD.CDS-PP.PPM,197
GraphVideo,2024-02-01 15:27:09,PPD/PSD.CDS-PP.PPM,198
GraphVideo,2024-02-01 08:41:29,PPD/PSD.CDS-PP.PPM,199
GraphVideo,2024-02-01 08:02:42,PPD/PSD.CDS-PP.PPM,200
GraphImage,2024-01-31 19:26:55,PPD/PSD.CDS-PP.PPM,201
GraphVideo,2024-01-31 14:30:36,PPD/PSD.CDS-PP.PPM,202
GraphVideo,2024-01-30 19:30:02,PPD/PSD.CDS-PP.PPM,203
GraphVideo,2024-01-30 18:30:02,PPD/PSD.CDS-PP.PPM,204
GraphImage,2024-01-30 17:18:27,PPD/PSD.CDS-PP.PPM,205
GraphVideo,2024-01-30 11:24:02,PPD/PSD.CDS-PP.PPM,206
GraphVideo,2024-01-29 21:00:04,PPD/PSD.CDS-PP.PPM,207
GraphSidecar,2024-01-29 19:01:15,PPD/PSD.CDS-PP.PPM,208
GraphVideo,2024-01-29 14:39:46,PPD/PSD.CDS-PP.PPM,209
GraphSidecar,2024-01-28 21:00:02,PPD/PSD.CDS-PP.PPM,210
GraphImage,2024-01-28 19:16:58,PPD/PSD.CDS-PP.PPM,211
GraphVideo,2024-01-28 16:11:00,PPD/PSD.CDS-PP.PPM,212
GraphVideo,2024-01-28 14:05:25,PPD/PSD.CDS-PP.PPM,213
GraphVideo,2024-01-27 13:59:39,PPD/PSD.CDS-PP.PPM,214
GraphVideo,2024-01-26 19:29:49,PPD/PSD.CDS-PP.PPM,215
GraphVideo,2024-01-26 16:48:26,PPD/PSD.CDS-PP.PPM,216
GraphVideo,2024-01-26 13:00:07,PPD/PSD.CDS-PP.PPM,217
GraphSidecar,2024-01-25 17:58:54,PPD/PSD.CDS-PP.PPM,218
GraphVideo,2024-01-25 16:00:54,PPD/PSD.CDS-PP.PPM,219
GraphVideo,2024-01-25 13:23:00,PPD/PSD.CDS-PP.PPM,220
GraphSidecar,2024-01-25 11:22:39,PPD/PSD.CDS-PP.PPM,221
GraphVideo,2024-01-24 20:23:30,PPD/PSD.CDS-PP.PPM,222
GraphVideo,2024-01-24 15:20:29,PPD/PSD.CDS-PP.PPM,223
GraphVideo,2024-01-24 10:00:15,PPD/PSD.CDS-PP.PPM,224
GraphVideo,2024-01-24 08:00:05,PPD/PSD.CDS-PP.PPM,225
GraphVideo,2024-01-23 19:08:06,PPD/PSD.CDS-PP.PPM,226
GraphSidecar,2024-01-23 16:37:32,PPD/PSD.CDS-PP.PPM,227
GraphSidecar,2024-01-23 14:00:53,PPD/PSD.CDS-PP.PPM,228
GraphVideo,2024-01-23 12:13:43,PPD/PSD.CDS-PP.PPM,229
GraphVideo,2024-01-22 19:45:52,PPD/PSD.CDS-PP.PPM,230
GraphVideo,2024-01-22 11:35:11,PPD/PSD.CDS-PP.PPM,231
GraphVideo,2024-01-22 07:46:28,PPD/PSD.CDS-PP.PPM,232
GraphSidecar,2024-01-21 21:57:32,PPD/PSD.CDS-PP.PPM,233
GraphImage,2024-01-21 18:25:04,PPD/PSD.CDS-PP.PPM,234
GraphSidecar,2024-01-21 15:19:37,PPD/PSD.CDS-PP.PPM,235
GraphVideo,2024-01-21 11:59:26,PPD/PSD.CDS-PP.PPM,236
GraphSidecar,2024-01-20 17:12:55,PPD/PSD.CDS-PP.PPM,237
GraphVideo,2024-01-20 11:12:17,PPD/PSD.CDS-PP.PPM,238
GraphSidecar,2024-01-20 10:29:50,PPD/PSD.CDS-PP.PPM,239
GraphVideo,2024-01-19 20:55:03,PPD/PSD.CDS-PP.PPM,240
GraphImage,2024-01-19 11:53:39,PPD/PSD.CDS-PP.PPM,241
GraphVideo,2024-01-18 20:59:13,PPD/PSD.CDS-PP.PPM,242
GraphVideo,2024-01-18 08:57:37,PPD/PSD.CDS-PP.PPM,243
GraphSidecar,2024-01-17 19:03:33,PPD/PSD.CDS-PP.PPM,244
GraphSidecar,2024-01-17 13:26:19,PPD/PSD.CDS-PP.PPM,245
GraphVideo,2024-01-16 21:41:05,PPD/PSD.CDS-PP.PPM,246
GraphSidecar,2024-01-16 19:22:52,PPD/PSD.CDS-PP.PPM,247
GraphSidecar,2024-01-16 11:59:22,PPD/PSD.CDS-PP.PPM,248
GraphSidecar,2024-01-16 00:30:42,PPD/PSD.CDS-PP.PPM,249
GraphSidecar,2024-01-14 19:59:04,PPD/PSD.CDS-PP.PPM,250
GraphVideo,2024-01-13 20:44:09,PPD/PSD.CDS-PP.PPM,251
GraphVideo,2024-01-12 22:23:15,PPD/PSD.CDS-PP.PPM,252
GraphSidecar,2024-01-12 18:51:23,PPD/PSD.CDS-PP.PPM,253
GraphSidecar,2024-01-11 11:50:31,PPD/PSD.CDS-PP.PPM,254
GraphVideo,2024-01-10 19:59:55,PPD/PSD.CDS-PP.PPM,255
GraphSidecar,2024-01-10 11:30:32,PPD/PSD.CDS-PP.PPM,256
GraphSidecar,2024-01-09 21:45:39,PPD/PSD.CDS-PP.PPM,257
GraphImage,2024-01-09 19:58:13,PPD/PSD.CDS-PP.PPM,258
GraphSidecar,2024-01-09 12:03:54,PPD/PSD.CDS-PP.PPM,259
GraphSidecar,2024-01-09 11:00:15,PPD/PSD.CDS-PP.PPM,260
GraphSidecar,2024-01-08 21:13:10,PPD/PSD.CDS-PP.PPM,261
GraphSidecar,2024-01-07 22:49:14,PPD/PSD.CDS-PP.PPM,262
GraphVideo,2024-01-07 21:22:00,PPD/PSD.CDS-PP.PPM,263
GraphSidecar,2024-01-07 16:09:50,PPD/PSD.CDS-PP.PPM,264
GraphSidecar,2024-01-07 14:29:38,PPD/PSD.CDS-PP.PPM,265
GraphSidecar,2024-01-06 22:26:14,PPD/PSD.CDS-PP.PPM,266
GraphSidecar,2024-01-06 19:30:46,PPD/PSD.CDS-PP.PPM,267
GraphImage,2024-01-06 10:51:19,PPD/PSD.CDS-PP.PPM,268
GraphSidecar,2024-01-06 00:57:00,PPD/PSD.CDS-PP.PPM,269
GraphImage,2024-03-08 23:56:01,CH,1
GraphVideo,2024-03-08 23:35:16,CH,2
GraphVideo,2024-03-08 22:55:37,CH,3
GraphImage,2024-03-08 21:08:51,CH,4
GraphVideo,2024-03-08 16:37:35,CH,5
GraphVideo,2024-03-08 15:00:31,CH,6
GraphSidecar,2024-03-08 12:28:14,CH,7
GraphImage,2024-03-08 11:58:43,CH,8
GraphVideo,2024-03-08 10:37:42,CH,9
GraphImage,2024-03-08 09:09:39,CH,10
GraphImage,2024-03-07 21:34:47,CH,11
GraphVideo,2024-03-07 20:28:16,CH,12
GraphVideo,2024-03-07 17:43:44,CH,13
GraphVideo,2024-03-07 12:56:14,CH,14
GraphImage,2024-03-07 11:14:55,CH,15
GraphImage,2024-03-07 10:38:23,CH,16
GraphVideo,2024-03-07 09:44:01,CH,17
GraphImage,2024-03-06 22:35:52,CH,18
GraphImage,2024-03-06 21:07:33,CH,19
GraphVideo,2024-03-06 17:31:14,CH,20
GraphImage,2024-03-06 15:29:28,CH,21
GraphVideo,2024-03-06 13:09:09,CH,22
GraphImage,2024-03-06 12:00:52,CH,23
GraphVideo,2024-03-06 10:00:19,CH,24
GraphImage,2024-03-06 01:43:09,CH,25
GraphVideo,2024-03-05 22:33:19,CH,26
GraphImage,2024-03-05 21:28:56,CH,27
GraphVideo,2024-03-05 18:37:36,CH,28
GraphVideo,2024-03-05 18:02:34,CH,29
GraphImage,2024-03-05 14:38:14,CH,30
GraphVideo,2024-03-05 13:34:30,CH,31
GraphVideo,2024-03-05 10:55:56,CH,32
GraphVideo,2024-03-05 00:07:55,CH,33
GraphImage,2024-03-04 22:10:14,CH,34
GraphImage,2024-03-04 18:43:04,CH,35
GraphVideo,2024-03-04 16:47:55,CH,36
GraphImage,2024-03-04 14:03:16,CH,37
GraphImage,2024-03-04 12:33:19,CH,38
GraphVideo,2024-03-04 10:30:16,CH,39
GraphVideo,2024-03-03 22:58:47,CH,40
GraphImage,2024-03-03 21:57:31,CH,41
GraphImage,2024-03-03 21:07:49,CH,42
GraphVideo,2024-03-03 19:35:46,CH,43
GraphVideo,2024-03-03 16:35:23,CH,44
GraphImage,2024-03-03 12:41:43,CH,45
GraphVideo,2024-03-03 10:31:27,CH,46
GraphImage,2024-03-02 21:47:11,CH,47
GraphVideo,2024-03-02 19:48:31,CH,48
GraphVideo,2024-03-02 15:46:48,CH,49
GraphImage,2024-03-02 13:12:11,CH,50
GraphVideo,2024-03-02 12:05:19,CH,51
GraphVideo,2024-03-02 10:33:31,CH,52
GraphImage,2024-03-02 00:08:57,CH,53
GraphVideo,2024-03-01 19:54:32,CH,54
GraphImage,2024-03-01 18:09:28,CH,55
GraphVideo,2024-03-01 15:52:08,CH,56
GraphVideo,2024-03-01 14:35:06,CH,57
GraphVideo,2024-03-01 13:18:56,CH,58
GraphImage,2024-03-01 12:16:48,CH,59
GraphVideo,2024-03-01 10:25:40,CH,60
GraphImage,2024-02-29 21:53:46,CH,61
GraphVideo,2024-02-29 19:25:23,CH,62
GraphImage,2024-02-29 14:42:46,CH,63
GraphVideo,2024-02-29 12:17:56,CH,64
GraphImage,2024-02-29 09:43:41,CH,65
GraphVideo,2024-02-28 23:34:53,CH,66
GraphImage,2024-02-28 21:49:49,CH,67
GraphImage,2024-02-28 19:59:30,CH,68
GraphVideo,2024-02-28 19:59:09,CH,69
GraphVideo,2024-02-28 17:44:39,CH,70
GraphVideo,2024-02-28 17:14:16,CH,71
GraphVideo,2024-02-28 14:39:35,CH,72
GraphVideo,2024-02-28 12:56:54,CH,73
GraphSidecar,2024-02-28 11:42:15,CH,74
GraphVideo,2024-02-28 11:37:10,CH,75
GraphVideo,2024-02-28 10:55:18,CH,76
GraphVideo,2024-02-27 22:23:17,CH,77
GraphVideo,2024-02-27 21:51:55,CH,78
GraphVideo,2024-02-27 20:28:48,CH,79
GraphVideo,2024-02-27 17:56:19,CH,80
GraphVideo,2024-02-27 11:10:15,CH,81
GraphImage,2024-02-26 23:49:42,CH,82
GraphVideo,2024-02-26 23:39:38,CH,83
GraphVideo,2024-02-26 23:22:41,CH,84
GraphVideo,2024-02-26 21:38:20,CH,85
GraphImage,2024-02-26 21:11:34,CH,86
GraphVideo,2024-02-26 20:01:08,CH,87
GraphImage,2024-02-26 19:40:00,CH,88
GraphVideo,2024-02-26 19:23:52,CH,89
GraphImage,2024-02-26 18:00:24,CH,90
GraphImage,2024-02-26 17:03:40,CH,91
GraphVideo,2024-02-26 15:20:27,CH,92
GraphVideo,2024-02-26 14:11:17,CH,93
GraphImage,2024-02-26 12:52:54,CH,94
GraphVideo,2024-02-26 10:48:20,CH,95
GraphImage,2024-02-26 10:45:22,CH,96
GraphImage,2024-02-26 08:46:42,CH,97
GraphVideo,2024-02-26 02:00:21,CH,98
GraphImage,2024-02-25 21:28:25,CH,99
GraphImage,2024-02-25 21:10:33,CH,100
GraphVideo,2024-02-25 20:55:36,CH,101
GraphVideo,2024-02-25 18:14:57,CH,102
GraphImage,2024-02-25 16:59:47,CH,103
GraphImage,2024-02-25 14:59:02,CH,104
GraphImage,2024-02-25 12:17:21,CH,105
GraphVideo,2024-02-25 11:57:53,CH,106
GraphImage,2024-02-25 11:22:52,CH,107
GraphVideo,2024-02-24 16:03:20,CH,108
GraphSidecar,2024-02-24 13:27:31,CH,109
GraphImage,2024-02-24 12:11:52,CH,110
GraphVideo,2024-02-24 10:24:30,CH,111
GraphVideo,2024-02-23 22:54:02,CH,112
GraphImage,2024-02-23 20:16:50,CH,113
GraphVideo,2024-02-23 19:50:35,CH,114
GraphVideo,2024-02-23 13:42:44,CH,115
GraphVideo,2024-02-23 13:18:40,CH,116
GraphImage,2024-02-23 13:12:54,CH,117
GraphVideo,2024-02-23 12:13:28,CH,118
GraphImage,2024-02-23 11:04:01,CH,119
GraphImage,2024-02-22 22:17:15,CH,120
GraphImage,2024-02-22 14:00:52,CH,121
GraphImage,2024-02-22 12:41:45,CH,122
GraphImage,2024-02-22 08:21:01,CH,123
GraphVideo,2024-02-21 22:02:53,CH,124
GraphVideo,2024-02-21 19:51:15,CH,125
GraphImage,2024-02-21 19:21:11,CH,126
GraphVideo,2024-02-21 13:11:06,CH,127
GraphVideo,2024-02-21 12:36:51,CH,128
GraphSidecar,2024-02-21 12:21:17,CH,129
GraphVideo,2024-02-20 20:28:47,CH,130
GraphImage,2024-02-20 19:43:12,CH,131
GraphImage,2024-02-20 19:17:31,CH,132
GraphVideo,2024-02-20 15:10:37,CH,133
GraphVideo,2024-02-20 09:13:17,CH,134
GraphVideo,2024-02-19 20:02:41,CH,135
GraphImage,2024-02-19 19:22:52,CH,136
GraphImage,2024-02-19 18:44:00,CH,137
GraphImage,2024-02-19 17:32:39,CH,138
GraphImage,2024-02-19 12:48:31,CH,139
GraphImage,2024-02-18 14:00:39,CH,140
GraphVideo,2024-02-18 11:23:28,CH,141
GraphImage,2024-02-17 23:18:09,CH,142
GraphImage,2024-02-17 18:19:00,CH,143
GraphVideo,2024-02-17 13:25:06,CH,144
GraphVideo,2024-02-16 23:50:24,CH,145
GraphVideo,2024-02-16 22:46:51,CH,146
GraphImage,2024-02-16 22:09:52,CH,147
GraphImage,2024-02-16 19:51:14,CH,148
GraphImage,2024-02-16 13:50:24,CH,149
GraphImage,2024-02-16 12:18:43,CH,150
GraphImage,2024-02-16 10:57:19,CH,151
GraphImage,2024-02-16 10:46:37,CH,152
GraphVideo,2024-02-16 09:14:38,CH,153
GraphImage,2024-02-15 21:32:00,CH,154
GraphImage,2024-02-15 19:26:18,CH,155
GraphImage,2024-02-15 17:22:00,CH,156
GraphImage,2024-02-15 11:54:39,CH,157
GraphVideo,2024-02-15 10:39:15,CH,158
GraphVideo,2024-02-14 23:20:34,CH,159
GraphVideo,2024-02-14 21:37:24,CH,160
GraphImage,2024-02-14 21:12:03,CH,161
GraphImage,2024-02-14 20:50:33,CH,162
GraphImage,2024-02-14 16:04:17,CH,163
GraphImage,2024-02-14 14:22:22,CH,164
GraphVideo,2024-02-14 00:34:09,CH,165
GraphVideo,2024-02-13 22:37:16,CH,166
GraphImage,2024-02-13 22:07:05,CH,167
GraphVideo,2024-02-13 20:57:59,CH,168
GraphSidecar,2024-02-13 19:27:25,CH,169
GraphImage,2024-02-13 18:56:10,CH,170
GraphVideo,2024-02-13 18:34:03,CH,171
GraphImage,2024-02-13 12:28:50,CH,172
GraphImage,2024-02-13 11:08:01,CH,173
GraphVideo,2024-02-13 08:15:52,CH,174
GraphVideo,2024-02-12 22:25:01,CH,175
GraphVideo,2024-02-12 21:37:20,CH,176
GraphImage,2024-02-12 21:08:13,CH,177
GraphImage,2024-02-12 20:43:44,CH,178
GraphImage,2024-02-12 12:29:54,CH,179
GraphVideo,2024-02-12 08:35:11,CH,180
GraphImage,2024-02-11 15:12:23,CH,181
GraphImage,2024-02-10 21:41:07,CH,182
GraphVideo,2024-02-10 17:23:17,CH,183
GraphVideo,2024-02-09 22:50:21,CH,184
GraphImage,2024-02-09 22:10:33,CH,185
GraphImage,2024-02-09 13:31:41,CH,186
GraphImage,2024-02-09 12:06:19,CH,187
GraphVideo,2024-02-09 12:05:00,CH,188
GraphImage,2024-02-09 10:09:29,CH,189
GraphVideo,2024-02-09 08:24:42,CH,190
GraphVideo,2024-02-08 20:58:54,CH,191
GraphImage,2024-02-08 13:02:09,CH,192
GraphVideo,2024-02-08 08:23:23,CH,193
GraphImage,2024-02-07 23:11:49,CH,194
GraphImage,2024-02-07 21:27:48,CH,195
GraphVideo,2024-02-07 21:11:37,CH,196
GraphVideo,2024-02-07 15:32:13,CH,197
GraphVideo,2024-02-07 12:12:59,CH,198
GraphVideo,2024-02-07 08:52:08,CH,199
GraphVideo,2024-02-06 22:50:20,CH,200
GraphImage,2024-02-06 22:10:49,CH,201
GraphVideo,2024-02-06 18:16:01,CH,202
GraphImage,2024-02-06 17:27:35,CH,203
GraphVideo,2024-02-06 16:46:09,CH,204
GraphImage,2024-02-06 14:53:16,CH,205
GraphImage,2024-02-06 14:45:46,CH,206
GraphVideo,2024-02-06 08:28:49,CH,207
GraphSidecar,2024-02-05 19:50:43,CH,208
GraphVideo,2024-02-05 18:49:14,CH,209
GraphImage,2024-02-05 17:07:23,CH,210
GraphVideo,2024-02-05 13:31:33,CH,211
GraphImage,2024-02-04 23:33:00,CH,212
GraphVideo,2024-02-03 16:02:18,CH,213
GraphVideo,2024-02-02 23:17:22,CH,214
GraphImage,2024-02-02 18:47:17,CH,215
GraphVideo,2024-02-02 14:16:14,CH,216
GraphImage,2024-02-01 21:31:30,CH,217
GraphVideo,2024-02-01 21:30:28,CH,218
GraphImage,2024-02-01 17:27:40,CH,219
GraphImage,2024-02-01 12:17:52,CH,220
GraphVideo,2024-02-01 11:05:46,CH,221
GraphSidecar,2024-01-31 23:39:50,CH,222
GraphImage,2024-01-31 23:31:18,CH,223
GraphVideo,2024-01-31 17:43:36,CH,224
GraphImage,2024-01-31 16:10:05,CH,225
GraphVideo,2024-01-31 14:14:50,CH,226
GraphImage,2024-01-31 12:40:15,CH,227
GraphVideo,2024-01-31 11:16:32,CH,228
GraphVideo,2024-01-30 20:55:35,CH,229
GraphImage,2024-01-30 17:28:03,CH,230
GraphVideo,2024-01-30 11:08:46,CH,231
GraphVideo,2024-01-29 23:26:01,CH,232
GraphImage,2024-01-29 18:02:26,CH,233
GraphVideo,2024-01-29 15:14:37,CH,234
GraphVideo,2024-01-29 10:04:10,CH,235
GraphVideo,2024-01-28 22:07:28,CH,236
GraphImage,2024-01-28 13:24:00,CH,237
GraphImage,2024-01-27 21:50:57,CH,238
GraphImage,2024-01-27 16:21:45,CH,239
GraphImage,2024-01-26 14:14:59,CH,240
GraphVideo,2024-01-26 12:17:54,CH,241
GraphImage,2024-01-26 11:00:53,CH,242
GraphImage,2024-01-26 00:06:11,CH,243
GraphVideo,2024-01-25 20:50:55,CH,244
GraphImage,2024-01-25 19:53:37,CH,245
GraphImage,2024-01-25 18:49:12,CH,246
GraphVideo,2024-01-24 22:21:30,CH,247
GraphVideo,2024-01-24 20:24:38,CH,248
GraphImage,2024-01-23 20:40:17,CH,249
GraphVideo,2024-01-23 19:39:07,CH,250
GraphVideo,2024-01-23 15:08:53,CH,251
GraphImage,2024-01-23 11:28:10,CH,252
GraphVideo,2024-01-22 22:30:55,CH,253
GraphVideo,2024-01-22 22:09:14,CH,254
GraphVideo,2024-01-22 20:11:57,CH,255
GraphImage,2024-01-22 18:07:36,CH,256
GraphVideo,2024-01-22 16:39:46,CH,257
GraphImage,2024-01-22 00:08:17,CH,258
GraphVideo,2024-01-21 13:43:24,CH,259
GraphVideo,2024-01-21 12:09:41,CH,260
GraphImage,2024-01-20 22:14:16,CH,261
GraphVideo,2024-01-20 18:13:44,CH,262
GraphVideo,2024-01-20 17:24:46,CH,263
GraphVideo,2024-01-20 16:12:59,CH,264
GraphVideo,2024-01-19 19:00:00,CH,265
GraphImage,2024-01-19 17:41:14,CH,266
GraphVideo,2024-01-19 16:33:48,CH,267
GraphImage,2024-01-19 16:21:47,CH,268
GraphImage,2024-01-19 15:11:51,CH,269
GraphImage,2024-01-19 13:28:29,CH,270
GraphImage,2024-01-19 12:27:25,CH,271
GraphImage,2024-01-19 00:00:48,CH,272
GraphVideo,2024-01-18 22:36:07,CH,273
GraphImage,2024-01-18 22:03:20,CH,274
GraphImage,2024-01-18 16:12:44,CH,275
GraphImage,2024-01-18 15:03:08,CH,276
GraphVideo,2024-01-18 10:53:40,CH,277
GraphVideo,2024-01-17 22:44:35,CH,278
GraphImage,2024-01-17 20:19:32,CH,279
GraphVideo,2024-01-17 20:09:28,CH,280
GraphImage,2024-01-17 19:05:22,CH,281
GraphImage,2024-01-17 17:14:04,CH,282
GraphImage,2024-01-17 14:29:00,CH,283
GraphImage,2024-01-17 12:28:45,CH,284
GraphImage,2024-01-16 21:49:52,CH,285
GraphVideo,2024-01-16 18:39:52,CH,286
GraphVideo,2024-01-15 22:21:46,CH,287
GraphImage,2024-01-15 20:53:17,CH,288
GraphImage,2024-01-15 15:12:11,CH,289
GraphImage,2024-01-15 13:14:37,CH,290
GraphVideo,2024-01-14 22:26:57,CH,291
GraphImage,2024-01-14 20:26:25,CH,292
GraphVideo,2024-01-14 16:25:41,CH,293
GraphImage,2024-01-13 19:15:35,CH,294
GraphVideo,2024-01-13 19:11:38,CH,295
GraphImage,2024-01-13 15:51:38,CH,296
GraphVideo,2024-01-13 13:21:54,CH,297
GraphImage,2024-01-13 13:07:47,CH,298
GraphVideo,2024-01-12 20:31:14,CH,299
GraphImage,2024-01-12 13:56:04,CH,300
GraphVideo,2024-01-12 10:52:22,CH,301
GraphVideo,2024-01-11 23:54:01,CH,302
GraphImage,2024-01-11 21:59:55,CH,303
GraphImage,2024-01-11 17:35:33,CH,304
GraphImage,2024-01-11 15:15:05,CH,305
GraphImage,2024-01-11 14:58:12,CH,306
GraphSidecar,2024-01-10 21:00:03,CH,307
GraphVideo,2024-01-10 19:35:04,CH,308
GraphVideo,2024-01-10 14:30:42,CH,309
GraphVideo,2024-01-09 23:50:06,CH,310
GraphImage,2024-01-09 12:00:41,CH,311
GraphImage,2024-01-09 11:51:11,CH,312
GraphVideo,2024-01-08 19:40:43,CH,313
GraphImage,2024-01-08 17:36:39,CH,314
GraphImage,2024-01-08 14:14:41,CH,315
GraphImage,2024-01-08 13:22:40,CH,316
GraphVideo,2024-01-07 21:08:50,CH,317
GraphVideo,2024-01-07 20:05:48,CH,318
GraphImage,2024-01-07 19:02:04,CH,319
GraphImage,2024-01-07 13:05:31,CH,320
GraphImage,2024-01-07 11:29:21,CH,321
GraphVideo,2024-01-06 23:05:34,CH,322
GraphVideo,2024-01-06 11:04:34,CH,323
GraphVideo,2024-03-08 23:25:42,IL,1
GraphImage,2024-03-08 20:15:46,IL,2
GraphImage,2024-03-08 19:17:23,IL,3
GraphImage,2024-03-08 18:38:18,IL,4
GraphVideo,2024-03-08 17:21:47,IL,5
GraphSidecar,2024-03-08 16:05:18,IL,6
GraphImage,2024-03-08 14:37:26,IL,7
GraphVideo,2024-03-08 12:38:31,IL,8
GraphImage,2024-03-08 11:52:09,IL,9
GraphVideo,2024-03-08 11:02:12,IL,10
GraphImage,2024-03-08 10:46:14,IL,11
GraphImage,2024-03-08 09:18:29,IL,12
GraphImage,2024-03-07 21:56:08,IL,13
GraphImage,2024-03-07 19:27:16,IL,14
GraphImage,2024-03-07 17:20:39,IL,15
GraphImage,2024-03-07 16:18:57,IL,16
GraphImage,2024-03-07 15:17:48,IL,17
GraphVideo,2024-03-07 13:01:16,IL,18
GraphImage,2024-03-06 22:22:57,IL,19
GraphVideo,2024-03-06 21:07:41,IL,20
GraphVideo,2024-03-06 19:55:11,IL,21
GraphImage,2024-03-06 16:34:50,IL,22
GraphVideo,2024-03-06 14:00:08,IL,23
GraphVideo,2024-03-05 19:19:24,IL,24
GraphImage,2024-03-05 17:35:10,IL,25
GraphImage,2024-03-05 11:06:22,IL,26
GraphImage,2024-03-04 16:24:09,IL,27
GraphImage,2024-03-04 15:43:27,IL,28
GraphVideo,2024-03-04 12:36:41,IL,29
GraphVideo,2024-03-03 17:23:15,IL,30
GraphVideo,2024-03-03 15:18:19,IL,31
GraphSidecar,2024-03-03 10:23:50,IL,32
GraphVideo,2024-03-02 18:22:53,IL,33
GraphImage,2024-03-02 16:05:16,IL,34
GraphImage,2024-03-01 23:04:09,IL,35
GraphSidecar,2024-03-01 21:51:46,IL,36
GraphImage,2024-03-01 20:15:19,IL,37
GraphImage,2024-03-01 12:46:22,IL,38
GraphImage,2024-02-29 18:16:57,IL,39
GraphSidecar,2024-02-28 22:28:01,IL,40
GraphImage,2024-02-28 22:00:37,IL,41
GraphSidecar,2024-02-28 17:34:02,IL,42
GraphVideo,2024-02-28 17:08:53,IL,43
GraphSidecar,2024-02-28 14:36:35,IL,44
GraphVideo,2024-02-28 01:18:41,IL,45
GraphVideo,2024-02-27 23:47:49,IL,46
GraphSidecar,2024-02-27 22:13:11,IL,47
GraphImage,2024-02-27 21:25:36,IL,48
GraphImage,2024-02-27 17:22:38,IL,49
GraphVideo,2024-02-27 10:51:30,IL,50
GraphImage,2024-02-26 23:06:56,IL,51
GraphImage,2024-02-26 21:47:40,IL,52
GraphSidecar,2024-02-26 14:51:35,IL,53
GraphVideo,2024-02-25 19:02:27,IL,54
GraphVideo,2024-02-25 17:13:00,IL,55
GraphImage,2024-02-25 14:49:24,IL,56
GraphVideo,2024-02-25 12:24:20,IL,57
GraphImage,2024-02-25 10:43:49,IL,58
GraphImage,2024-02-24 20:26:37,IL,59
GraphVideo,2024-02-24 14:52:31,IL,60
GraphVideo,2024-02-24 11:39:34,IL,61
GraphVideo,2024-02-23 22:33:17,IL,62
GraphImage,2024-02-23 22:19:45,IL,63
GraphImage,2024-02-23 20:46:03,IL,64
GraphImage,2024-02-23 17:09:39,IL,65
GraphImage,2024-02-23 15:54:24,IL,66
GraphSidecar,2024-02-23 11:16:41,IL,67
GraphImage,2024-02-23 10:35:59,IL,68
GraphImage,2024-02-22 20:38:50,IL,69
GraphVideo,2024-02-20 23:37:51,IL,70
GraphSidecar,2024-02-20 21:33:32,IL,71
GraphVideo,2024-02-20 16:32:57,IL,72
GraphImage,2024-02-20 16:12:17,IL,73
GraphImage,2024-02-20 15:26:10,IL,74
GraphVideo,2024-02-20 13:35:22,IL,75
GraphImage,2024-02-19 22:45:05,IL,76
GraphImage,2024-02-19 21:50:09,IL,77
GraphImage,2024-02-19 20:57:23,IL,78
GraphImage,2024-02-19 20:25:25,IL,79
GraphImage,2024-02-19 10:03:55,IL,80
GraphVideo,2024-02-19 00:24:59,IL,81
GraphVideo,2024-02-18 22:01:41,IL,82
GraphImage,2024-02-18 21:01:47,IL,83
GraphImage,2024-02-18 13:18:33,IL,84
GraphSidecar,2024-02-17 22:10:59,IL,85
GraphImage,2024-02-17 18:05:54,IL,86
GraphSidecar,2024-02-17 14:30:31,IL,87
GraphImage,2024-02-17 13:25:58,IL,88
GraphSidecar,2024-02-16 19:15:28,IL,89
GraphImage,2024-02-16 16:27:45,IL,90
GraphVideo,2024-02-15 20:52:57,IL,91
GraphVideo,2024-02-15 19:24:48,IL,92
GraphVideo,2024-02-15 18:59:53,IL,93
GraphImage,2024-02-15 18:44:04,IL,94
GraphImage,2024-02-15 15:20:29,IL,95
GraphVideo,2024-02-15 13:15:43,IL,96
GraphImage,2024-02-14 20:53:38,IL,97
GraphImage,2024-02-14 18:37:09,IL,98
GraphImage,2024-02-14 16:03:08,IL,99
GraphImage,2024-02-14 11:59:56,IL,100
GraphVideo,2024-02-13 21:10:58,IL,101
GraphImage,2024-02-13 16:13:54,IL,102
GraphImage,2024-02-13 11:18:21,IL,103
GraphVideo,2024-02-12 22:36:25,IL,104
GraphImage,2024-02-12 18:05:21,IL,105
GraphImage,2024-02-12 17:50:29,IL,106
GraphImage,2024-02-12 17:06:55,IL,107
GraphImage,2024-02-12 15:32:54,IL,108
GraphSidecar,2024-02-12 12:40:01,IL,109
GraphVideo,2024-02-11 23:03:49,IL,110
GraphSidecar,2024-02-11 17:50:35,IL,111
GraphImage,2024-02-10 15:01:43,IL,112
GraphImage,2024-02-10 12:57:13,IL,113
GraphVideo,2024-02-09 22:20:57,IL,114
GraphSidecar,2024-02-09 18:30:24,IL,115
GraphImage,2024-02-09 15:29:01,IL,116
GraphImage,2024-02-09 13:33:10,IL,117
GraphVideo,2024-02-09 09:53:15,IL,118
GraphSidecar,2024-02-08 23:25:51,IL,119
GraphImage,2024-02-08 20:09:09,IL,120
GraphVideo,2024-02-08 18:28:47,IL,121
GraphVideo,2024-02-07 19:56:48,IL,122
GraphVideo,2024-02-07 19:15:59,IL,123
GraphImage,2024-02-07 17:45:37,IL,124
GraphImage,2024-02-07 16:29:20,IL,125
GraphImage,2024-02-07 13:53:15,IL,126
GraphVideo,2024-02-07 11:53:46,IL,127
GraphImage,2024-02-07 00:14:07,IL,128
GraphImage,2024-02-06 23:44:15,IL,129
GraphImage,2024-02-06 23:32:29,IL,130
GraphVideo,2024-02-06 23:06:42,IL,131
GraphVideo,2024-02-06 20:25:34,IL,132
GraphImage,2024-02-06 18:49:24,IL,133
GraphImage,2024-02-06 16:35:12,IL,134
GraphImage,2024-02-06 13:26:03,IL,135
GraphImage,2024-02-06 12:07:44,IL,136
GraphVideo,2024-02-05 22:37:35,IL,137
GraphImage,2024-02-05 16:54:27,IL,138
GraphImage,2024-02-04 23:38:43,IL,139
GraphImage,2024-02-03 16:10:37,IL,140
GraphImage,2024-02-03 13:24:00,IL,141
GraphImage,2024-02-02 22:53:35,IL,142
GraphImage,2024-02-02 20:14:23,IL,143
GraphSidecar,2024-02-01 20:00:41,IL,144
GraphVideo,2024-01-31 22:02:30,IL,145
GraphImage,2024-01-31 20:55:35,IL,146
GraphImage,2024-01-31 18:27:20,IL,147
GraphImage,2024-01-31 15:01:29,IL,148
GraphImage,2024-01-30 21:53:48,IL,149
GraphImage,2024-01-30 20:42:37,IL,150
GraphVideo,2024-01-30 20:23:58,IL,151
GraphSidecar,2024-01-28 20:20:27,IL,152
GraphImage,2024-01-28 17:43:39,IL,153
GraphImage,2024-01-28 16:19:28,IL,154
GraphImage,2024-01-28 14:14:04,IL,155
GraphVideo,2024-01-27 16:30:19,IL,156
GraphImage,2024-01-27 12:19:11,IL,157
GraphImage,2024-01-26 21:59:37,IL,158
GraphVideo,2024-01-25 22:21:34,IL,159
GraphImage,2024-01-25 20:49:47,IL,160
GraphImage,2024-01-25 17:16:28,IL,161
GraphVideo,2024-01-24 15:16:57,IL,162
GraphImage,2024-01-24 13:18:26,IL,163
GraphVideo,2024-01-23 21:11:53,IL,164
GraphVideo,2024-01-23 14:38:53,IL,165
GraphImage,2024-01-20 21:02:11,IL,166
GraphImage,2024-01-20 16:01:18,IL,167
GraphVideo,2024-01-20 14:19:38,IL,168
GraphImage,2024-01-19 20:47:32,IL,169
GraphVideo,2024-01-19 11:44:31,IL,170
GraphImage,2024-01-16 21:47:19,IL,171
GraphImage,2024-01-16 15:40:10,IL,172
GraphImage,2024-01-15 22:06:59,IL,173
GraphVideo,2024-01-14 21:43:33,IL,174
GraphImage,2024-01-14 16:06:15,IL,175
GraphVideo,2024-01-14 12:57:58,IL,176
GraphVideo,2024-01-13 19:57:08,IL,177
GraphVideo,2024-01-09 22:09:58,IL,178
GraphVideo,2024-01-09 17:15:24,IL,179
GraphVideo,2024-03-08 23:14:43,B.E.,1
GraphSidecar,2024-03-08 23:04:35,B.E.,2
GraphVideo,2024-03-08 20:04:21,B.E.,3
GraphImage,2024-03-08 18:48:32,B.E.,4
GraphSidecar,2024-03-08 16:00:56,B.E.,5
GraphVideo,2024-03-08 14:57:18,B.E.,6
GraphVideo,2024-03-08 13:55:06,B.E.,7
GraphImage,2024-03-08 12:29:55,B.E.,8
GraphVideo,2024-03-08 12:05:50,B.E.,9
GraphVideo,2024-03-08 11:11:20,B.E.,10
GraphSidecar,2024-03-08 10:41:15,B.E.,11
GraphSidecar,2024-03-07 21:00:42,B.E.,12
GraphImage,2024-03-07 19:00:51,B.E.,13
GraphVideo,2024-03-07 17:03:15,B.E.,14
GraphSidecar,2024-03-07 14:46:35,B.E.,15
GraphSidecar,2024-03-07 14:09:11,B.E.,16
GraphVideo,2024-03-07 13:44:08,B.E.,17
GraphVideo,2024-03-07 12:13:52,B.E.,18
GraphVideo,2024-03-07 11:37:39,B.E.,19
GraphSidecar,2024-03-07 11:01:17,B.E.,20
GraphSidecar,2024-03-07 08:13:42,B.E.,21
GraphSidecar,2024-03-06 21:10:43,B.E.,22
GraphVideo,2024-03-06 17:40:05,B.E.,23
GraphVideo,2024-03-06 14:45:40,B.E.,24
GraphVideo,2024-03-06 13:46:06,B.E.,25
GraphVideo,2024-03-06 12:05:25,B.E.,26
GraphVideo,2024-03-06 11:55:20,B.E.,27
GraphSidecar,2024-03-06 10:23:29,B.E.,28
GraphSidecar,2024-03-06 10:03:39,B.E.,29
GraphVideo,2024-03-05 22:28:52,B.E.,30
GraphSidecar,2024-03-05 20:33:29,B.E.,31
GraphImage,2024-03-05 20:14:14,B.E.,32
GraphVideo,2024-03-05 17:14:31,B.E.,33
GraphSidecar,2024-03-05 17:07:06,B.E.,34
GraphVideo,2024-03-05 15:12:56,B.E.,35
GraphVideo,2024-03-05 14:08:43,B.E.,36
GraphVideo,2024-03-05 13:00:44,B.E.,37
GraphImage,2024-03-05 12:09:45,B.E.,38
GraphVideo,2024-03-05 11:37:04,B.E.,39
GraphVideo,2024-03-05 10:12:16,B.E.,40
GraphSidecar,2024-03-05 02:24:46,B.E.,41
GraphVideo,2024-03-04 22:05:05,B.E.,42
GraphVideo,2024-03-04 20:37:51,B.E.,43
GraphVideo,2024-03-04 18:53:42,B.E.,44
GraphVideo,2024-03-04 17:53:26,B.E.,45
GraphVideo,2024-03-04 17:05:44,B.E.,46
GraphSidecar,2024-03-04 16:29:06,B.E.,47
GraphVideo,2024-03-04 16:09:12,B.E.,48
GraphVideo,2024-03-04 14:33:32,B.E.,49
GraphVideo,2024-03-04 13:10:21,B.E.,50
GraphVideo,2024-03-04 12:44:50,B.E.,51
GraphVideo,2024-03-04 11:25:58,B.E.,52
GraphVideo,2024-03-04 09:01:40,B.E.,53
GraphSidecar,2024-03-03 22:02:05,B.E.,54
GraphVideo,2024-03-03 17:20:53,B.E.,55
GraphSidecar,2024-03-03 10:44:43,B.E.,56
GraphVideo,2024-03-03 10:17:53,B.E.,57
GraphSidecar,2024-03-02 22:14:21,B.E.,58
GraphVideo,2024-03-02 19:14:55,B.E.,59
GraphVideo,2024-03-02 15:53:04,B.E.,60
GraphVideo,2024-03-02 14:06:08,B.E.,61
GraphSidecar,2024-03-02 13:53:39,B.E.,62
GraphVideo,2024-03-02 13:01:18,B.E.,63
GraphSidecar,2024-03-02 11:04:53,B.E.,64
GraphVideo,2024-03-02 09:55:33,B.E.,65
GraphVideo,2024-03-01 19:15:42,B.E.,66
GraphSidecar,2024-03-01 17:51:53,B.E.,67
GraphVideo,2024-03-01 16:58:02,B.E.,68
GraphVideo,2024-03-01 14:42:49,B.E.,69
GraphVideo,2024-03-01 12:23:32,B.E.,70
GraphVideo,2024-02-29 19:11:37,B.E.,71
GraphSidecar,2024-02-29 18:02:44,B.E.,72
GraphSidecar,2024-02-29 16:53:47,B.E.,73
GraphSidecar,2024-02-29 10:47:57,B.E.,74
GraphSidecar,2024-02-29 10:18:00,B.E.,75
GraphSidecar,2024-02-29 09:18:20,B.E.,76
GraphSidecar,2024-02-29 01:20:59,B.E.,77
GraphVideo,2024-02-28 22:02:22,B.E.,78
GraphVideo,2024-02-28 15:53:43,B.E.,79
GraphSidecar,2024-02-28 13:58:13,B.E.,80
GraphImage,2024-02-28 12:18:12,B.E.,81
GraphVideo,2024-02-28 11:59:20,B.E.,82
GraphSidecar,2024-02-28 11:34:09,B.E.,83
GraphSidecar,2024-02-27 21:02:34,B.E.,84
GraphVideo,2024-02-27 18:43:09,B.E.,85
GraphSidecar,2024-02-27 17:25:36,B.E.,86
GraphVideo,2024-02-27 15:45:55,B.E.,87
GraphVideo,2024-02-27 12:56:43,B.E.,88
GraphImage,2024-02-27 11:26:48,B.E.,89
GraphVideo,2024-02-27 09:43:00,B.E.,90
GraphSidecar,2024-02-26 21:57:16,B.E.,91
GraphSidecar,2024-02-26 17:59:23,B.E.,92
GraphVideo,2024-02-26 17:42:58,B.E.,93
GraphImage,2024-02-26 16:55:51,B.E.,94
GraphVideo,2024-02-26 13:15:01,B.E.,95
GraphVideo,2024-02-26 12:40:28,B.E.,96
GraphVideo,2024-02-26 12:15:47,B.E.,97
GraphVideo,2024-02-25 20:39:09,B.E.,98
GraphSidecar,2024-02-25 19:53:54,B.E.,99
GraphSidecar,2024-02-25 17:37:15,B.E.,100
GraphSidecar,2024-02-25 13:13:05,B.E.,101
GraphVideo,2024-02-25 00:08:54,B.E.,102
GraphSidecar,2024-02-24 19:04:37,B.E.,103
GraphVideo,2024-02-24 18:06:27,B.E.,104
GraphSidecar,2024-02-24 15:02:46,B.E.,105
GraphVideo,2024-02-23 23:49:18,B.E.,106
GraphVideo,2024-02-23 23:37:37,B.E.,107
GraphVideo,2024-02-23 23:11:01,B.E.,108
GraphSidecar,2024-02-23 22:57:56,B.E.,109
GraphSidecar,2024-02-23 14:39:28,B.E.,110
GraphVideo,2024-02-23 14:19:08,B.E.,111
GraphSidecar,2024-02-23 09:06:53,B.E.,112
GraphImage,2024-02-22 16:45:07,B.E.,113
GraphVideo,2024-02-22 15:49:11,B.E.,114
GraphVideo,2024-02-22 12:00:09,B.E.,115
GraphSidecar,2024-02-21 23:40:43,B.E.,116
GraphVideo,2024-02-21 20:50:42,B.E.,117
GraphVideo,2024-02-21 14:23:48,B.E.,118
GraphImage,2024-02-21 09:00:16,B.E.,119
GraphSidecar,2024-02-21 00:22:57,B.E.,120
GraphVideo,2024-02-20 21:41:27,B.E.,121
GraphSidecar,2024-02-20 18:02:00,B.E.,122
GraphSidecar,2024-02-20 11:25:39,B.E.,123
GraphVideo,2024-02-19 19:11:25,B.E.,124
GraphSidecar,2024-02-19 14:13:31,B.E.,125
GraphVideo,2024-02-19 00:07:55,B.E.,126
GraphVideo,2024-02-18 23:49:14,B.E.,127
GraphSidecar,2024-02-18 23:09:26,B.E.,128
GraphVideo,2024-02-17 18:54:13,B.E.,129
GraphImage,2024-02-16 22:43:12,B.E.,130
GraphVideo,2024-02-16 22:23:01,B.E.,131
GraphVideo,2024-02-16 21:59:12,B.E.,132
GraphVideo,2024-02-16 18:25:45,B.E.,133
GraphImage,2024-02-15 21:59:39,B.E.,134
GraphVideo,2024-02-15 21:14:58,B.E.,135
GraphVideo,2024-02-15 21:03:42,B.E.,136
GraphVideo,2024-02-15 20:06:18,B.E.,137
GraphSidecar,2024-02-15 19:48:29,B.E.,138
GraphVideo,2024-02-15 19:37:06,B.E.,139
GraphVideo,2024-02-15 16:36:48,B.E.,140
GraphImage,2024-02-15 14:45:50,B.E.,141
GraphVideo,2024-02-14 19:15:22,B.E.,142
GraphVideo,2024-02-14 11:08:11,B.E.,143
GraphImage,2024-02-14 00:36:31,B.E.,144
GraphVideo,2024-02-13 23:38:22,B.E.,145
GraphVideo,2024-02-13 23:23:26,B.E.,146
GraphSidecar,2024-02-13 23:04:42,B.E.,147
GraphVideo,2024-02-13 23:00:59,B.E.,148
GraphVideo,2024-02-13 22:40:52,B.E.,149
GraphImage,2024-02-13 08:05:11,B.E.,150
GraphSidecar,2024-02-12 15:07:45,B.E.,151
GraphVideo,2024-02-11 23:19:21,B.E.,152
GraphVideo,2024-02-11 18:28:53,B.E.,153
GraphSidecar,2024-02-11 16:24:30,B.E.,154
GraphSidecar,2024-02-11 10:26:11,B.E.,155
GraphVideo,2024-02-11 09:41:48,B.E.,156
GraphSidecar,2024-02-11 01:38:26,B.E.,157
GraphVideo,2024-02-10 19:27:31,B.E.,158
GraphSidecar,2024-02-10 09:30:36,B.E.,159
GraphVideo,2024-02-09 20:06:08,B.E.,160
GraphVideo,2024-02-09 14:52:43,B.E.,161
GraphVideo,2024-02-08 21:45:29,B.E.,162
GraphVideo,2024-02-08 19:53:47,B.E.,163
GraphSidecar,2024-02-07 16:48:46,B.E.,164
GraphVideo,2024-02-07 15:02:07,B.E.,165
GraphImage,2024-02-07 12:20:01,B.E.,166
GraphVideo,2024-02-06 22:30:26,B.E.,167
GraphImage,2024-02-06 21:31:25,B.E.,168
GraphVideo,2024-02-06 14:13:49,B.E.,169
GraphImage,2024-02-06 11:14:05,B.E.,170
GraphVideo,2024-02-05 13:18:25,B.E.,171
GraphVideo,2024-02-04 12:42:53,B.E.,172
GraphSidecar,2024-02-04 12:03:37,B.E.,173
GraphVideo,2024-02-03 20:49:29,B.E.,174
GraphSidecar,2024-02-03 16:08:20,B.E.,175
GraphSidecar,2024-02-03 08:58:22,B.E.,176
GraphSidecar,2024-02-02 21:15:08,B.E.,177
GraphSidecar,2024-02-02 15:27:58,B.E.,178
GraphVideo,2024-02-01 14:53:41,B.E.,179
GraphSidecar,2024-02-01 11:29:43,B.E.,180
GraphSidecar,2024-01-31 14:14:05,B.E.,181
GraphVideo,2024-01-30 09:55:23,B.E.,182
GraphSidecar,2024-01-27 21:31:09,B.E.,183
GraphVideo,2024-01-27 19:29:59,B.E.,184
GraphSidecar,2024-01-26 14:15:19,B.E.,185
GraphVideo,2024-01-26 11:38:12,B.E.,186
GraphSidecar,2024-01-25 18:36:06,B.E.,187
GraphVideo,2024-01-25 09:07:10,B.E.,188
GraphVideo,2024-01-24 19:50:43,B.E.,189
GraphSidecar,2024-01-24 16:05:43,B.E.,190
GraphVideo,2024-01-23 18:57:27,B.E.,191
GraphSidecar,2024-01-23 16:48:36,B.E.,192
GraphVideo,2024-01-22 16:41:41,B.E.,193
GraphSidecar,2024-01-22 11:50:33,B.E.,194
GraphSidecar,2024-01-21 20:55:09,B.E.,195
GraphSidecar,2024-01-20 23:02:19,B.E.,196
GraphVideo,2024-01-19 17:00:57,B.E.,197
GraphSidecar,2024-01-19 14:45:28,B.E.,198
GraphImage,2024-01-18 18:03:13,B.E.,199
GraphVideo,2024-01-17 10:34:49,B.E.,200
GraphVideo,2024-01-16 12:50:59,B.E.,201
GraphVideo,2024-01-15 16:13:10,B.E.,202
GraphSidecar,2024-01-15 13:17:46,B.E.,203
GraphVideo,2024-01-13 09:09:53,B.E.,204
GraphSidecar,2024-01-12 16:54:31,B.E.,205
GraphVideo,2024-01-11 17:13:36,B.E.,206
GraphVideo,2024-01-11 08:21:20,B.E.,207
GraphVideo,2024-01-10 21:06:09,B.E.,208
GraphImage,2024-01-10 11:04:51,B.E.,209
GraphVideo,2024-01-09 19:56:57,B.E.,210
GraphSidecar,2024-01-08 17:44:07,B.E.,211
GraphImage,2024-01-08 11:04:50,B.E.,212
GraphVideo,2024-01-07 13:40:19,B.E.,213
GraphSidecar,2024-01-06 10:42:24,B.E.,214
GraphVideo,2024-03-08 23:35:07,PCP,1
GraphSidecar,2024-03-08 23:13:03,PCP,2
GraphVideo,2024-03-08 23:11:58,PCP,3
GraphSidecar,2024-03-08 21:35:10,PCP,4
GraphImage,2024-03-08 21:04:00,PCP,5
GraphImage,2024-03-08 20:53:16,PCP,6
GraphSidecar,2024-03-08 18:49:22,PCP,7
GraphVideo,2024-03-08 18:42:38,PCP,8
GraphImage,2024-03-08 18:06:12,PCP,9
GraphVideo,2024-03-08 17:58:24,PCP,10
GraphImage,2024-03-08 16:52:02,PCP,11
GraphImage,2024-03-08 16:14:16,PCP,12
GraphSidecar,2024-03-08 15:52:22,PCP,13
GraphVideo,2024-03-08 15:46:43,PCP,14
GraphVideo,2024-03-08 13:54:38,PCP,15
GraphSidecar,2024-03-08 13:18:03,PCP,16
GraphVideo,2024-03-08 11:49:33,PCP,17
GraphImage,2024-03-08 09:09:13,PCP,18
GraphVideo,2024-03-08 08:31:58,PCP,19
GraphVideo,2024-03-08 07:22:45,PCP,20
GraphVideo,2024-03-07 23:43:39,PCP,21
GraphSidecar,2024-03-07 22:51:25,PCP,22
GraphSidecar,2024-03-07 19:07:45,PCP,23
GraphVideo,2024-03-07 17:11:53,PCP,24
GraphSidecar,2024-03-07 15:57:59,PCP,25
GraphVideo,2024-03-07 15:42:17,PCP,26
GraphSidecar,2024-03-07 14:56:20,PCP,27
GraphVideo,2024-03-07 14:04:37,PCP,28
GraphImage,2024-03-07 13:32:06,PCP,29
GraphSidecar,2024-03-07 10:45:54,PCP,30
GraphSidecar,2024-03-07 00:27:28,PCP,31
GraphSidecar,2024-03-07 00:09:10,PCP,32
GraphSidecar,2024-03-06 22:21:01,PCP,33
GraphVideo,2024-03-06 22:00:01,PCP,34
GraphVideo,2024-03-06 21:01:50,PCP,35
GraphSidecar,2024-03-06 20:09:02,PCP,36
GraphSidecar,2024-03-06 19:41:19,PCP,37
GraphVideo,2024-03-06 19:22:42,PCP,38
GraphVideo,2024-03-06 18:23:49,PCP,39
GraphVideo,2024-03-06 18:15:47,PCP,40
GraphImage,2024-03-06 18:08:07,PCP,41
GraphSidecar,2024-03-06 17:48:24,PCP,42
GraphVideo,2024-03-06 17:32:48,PCP,43
GraphSidecar,2024-03-06 16:21:19,PCP,44
GraphSidecar,2024-03-06 14:24:47,PCP,45
GraphVideo,2024-03-06 13:42:13,PCP,46
GraphVideo,2024-03-06 13:28:53,PCP,47
GraphVideo,2024-03-06 13:04:26,PCP,48
GraphSidecar,2024-03-06 09:47:09,PCP,49
GraphVideo,2024-03-06 00:15:56,PCP,50
GraphSidecar,2024-03-05 23:34:59,PCP,51
GraphSidecar,2024-03-05 23:16:12,PCP,52
GraphSidecar,2024-03-05 19:13:14,PCP,53
GraphVideo,2024-03-05 18:39:43,PCP,54
GraphSidecar,2024-03-05 18:36:18,PCP,55
GraphSidecar,2024-03-05 18:35:03,PCP,56
GraphSidecar,2024-03-05 17:39:21,PCP,57
GraphVideo,2024-03-05 17:23:33,PCP,58
GraphSidecar,2024-03-05 15:02:27,PCP,59
GraphSidecar,2024-03-05 11:09:25,PCP,60
GraphSidecar,2024-03-05 10:27:47,PCP,61
GraphSidecar,2024-03-05 09:43:35,PCP,62
GraphSidecar,2024-03-05 07:21:07,PCP,63
GraphSidecar,2024-03-04 21:27:11,PCP,64
GraphSidecar,2024-03-04 19:25:52,PCP,65
GraphSidecar,2024-03-04 18:36:21,PCP,66
GraphVideo,2024-03-04 17:16:17,PCP,67
GraphSidecar,2024-03-04 16:39:39,PCP,68
GraphImage,2024-03-04 16:27:45,PCP,69
GraphImage,2024-03-04 15:54:55,PCP,70
GraphVideo,2024-03-04 15:41:15,PCP,71
GraphVideo,2024-03-04 14:31:38,PCP,72
GraphVideo,2024-03-04 14:24:32,PCP,73
GraphImage,2024-03-04 14:18:53,PCP,74
GraphSidecar,2024-03-04 12:54:17,PCP,75
GraphSidecar,2024-03-04 11:14:53,PCP,76
GraphVideo,2024-03-04 09:40:52,PCP,77
GraphVideo,2024-03-04 02:27:14,PCP,78
GraphSidecar,2024-03-04 01:54:51,PCP,79
GraphSidecar,2024-03-03 22:00:54,PCP,80
GraphSidecar,2024-03-03 21:00:13,PCP,81
GraphImage,2024-03-03 18:06:12,PCP,82
GraphVideo,2024-03-03 16:49:03,PCP,83
GraphImage,2024-03-03 15:19:17,PCP,84
GraphSidecar,2024-03-03 14:53:00,PCP,85
GraphSidecar,2024-03-03 11:12:22,PCP,86
GraphVideo,2024-03-03 09:59:52,PCP,87
GraphSidecar,2024-03-03 08:48:11,PCP,88
GraphSidecar,2024-03-03 01:08:11,PCP,89
GraphSidecar,2024-03-02 20:41:23,PCP,90
GraphImage,2024-03-02 19:48:49,PCP,91
GraphVideo,2024-03-02 19:47:25,PCP,92
GraphSidecar,2024-03-02 18:53:36,PCP,93
GraphVideo,2024-03-02 18:22:52,PCP,94
GraphSidecar,2024-03-02 17:38:23,PCP,95
GraphSidecar,2024-03-02 16:06:45,PCP,96
GraphVideo,2024-03-02 15:44:54,PCP,97
GraphSidecar,2024-03-02 15:23:12,PCP,98
GraphVideo,2024-03-02 01:23:55,PCP,99
GraphSidecar,2024-03-01 22:02:11,PCP,100
GraphVideo,2024-03-01 18:23:29,PCP,101
GraphImage,2024-03-01 18:06:12,PCP,102
GraphImage,2024-03-01 17:43:11,PCP,103
GraphVideo,2024-03-01 16:16:51,PCP,104
GraphVideo,2024-03-01 16:01:28,PCP,105
GraphSidecar,2024-03-01 15:43:34,PCP,106
GraphSidecar,2024-03-01 13:49:06,PCP,107
GraphSidecar,2024-03-01 13:17:41,PCP,108
GraphImage,2024-03-01 10:58:42,PCP,109
GraphSidecar,2024-03-01 09:10:09,PCP,110
GraphSidecar,2024-03-01 08:09:18,PCP,111
GraphSidecar,2024-03-01 08:01:23,PCP,112
GraphSidecar,2024-02-29 23:48:59,PCP,113
GraphSidecar,2024-02-29 22:28:16,PCP,114
GraphImage,2024-02-29 21:53:40,PCP,115
GraphSidecar,2024-02-29 19:08:30,PCP,116
GraphSidecar,2024-02-29 19:06:56,PCP,117
GraphSidecar,2024-02-29 17:50:10,PCP,118
GraphVideo,2024-02-29 16:21:10,PCP,119
GraphImage,2024-02-29 16:01:05,PCP,120
GraphVideo,2024-02-29 15:14:13,PCP,121
GraphSidecar,2024-02-29 14:25:00,PCP,122
GraphVideo,2024-02-29 14:21:31,PCP,123
GraphSidecar,2024-02-29 12:18:50,PCP,124
GraphSidecar,2024-02-29 10:25:08,PCP,125
GraphSidecar,2024-02-28 22:55:51,PCP,126
GraphSidecar,2024-02-28 21:51:24,PCP,127
GraphSidecar,2024-02-28 18:14:17,PCP,128
GraphSidecar,2024-02-28 18:00:44,PCP,129
GraphVideo,2024-02-28 16:29:09,PCP,130
GraphSidecar,2024-02-28 15:29:06,PCP,131
GraphImage,2024-02-28 11:33:50,PCP,132
GraphSidecar,2024-02-28 10:18:10,PCP,133
GraphVideo,2024-02-27 21:02:14,PCP,134
GraphSidecar,2024-02-27 18:35:39,PCP,135
GraphSidecar,2024-02-27 18:07:06,PCP,136
GraphVideo,2024-02-27 16:40:18,PCP,137
GraphSidecar,2024-02-27 16:03:57,PCP,138
GraphVideo,2024-02-26 19:51:41,PCP,139
GraphVideo,2024-02-26 18:02:13,PCP,140
GraphVideo,2024-02-26 10:10:03,PCP,141
GraphSidecar,2024-02-25 23:59:00,PCP,142
GraphSidecar,2024-02-25 23:18:06,PCP,143
GraphSidecar,2024-02-25 23:00:16,PCP,144
GraphVideo,2024-02-25 16:24:31,PCP,145
GraphVideo,2024-02-25 11:59:43,PCP,146
GraphSidecar,2024-02-25 11:12:26,PCP,147
GraphSidecar,2024-02-25 01:57:53,PCP,148
GraphImage,2024-02-24 22:43:13,PCP,149
GraphSidecar,2024-02-24 22:24:41,PCP,150
GraphImage,2024-02-24 18:00:30,PCP,151
GraphSidecar,2024-02-24 15:13:22,PCP,152
GraphSidecar,2024-02-24 14:01:26,PCP,153
GraphVideo,2024-02-23 23:41:36,PCP,154
GraphSidecar,2024-02-23 20:06:01,PCP,155
GraphImage,2024-02-23 18:07:57,PCP,156
GraphImage,2024-02-23 17:41:41,PCP,157
GraphVideo,2024-02-23 16:38:58,PCP,158
GraphImage,2024-02-23 13:25:39,PCP,159
GraphSidecar,2024-02-23 11:13:17,PCP,160
GraphImage,2024-02-22 22:03:33,PCP,161
GraphVideo,2024-02-22 18:11:39,PCP,162
GraphSidecar,2024-02-22 17:59:24,PCP,163
GraphSidecar,2024-02-22 16:23:50,PCP,164
GraphSidecar,2024-02-22 14:38:08,PCP,165
GraphSidecar,2024-02-21 23:50:39,PCP,166
GraphSidecar,2024-02-21 18:59:07,PCP,167
GraphSidecar,2024-02-21 15:51:17,PCP,168
GraphSidecar,2024-02-21 10:25:14,PCP,169
GraphSidecar,2024-02-20 23:56:03,PCP,170
GraphVideo,2024-02-20 23:23:47,PCP,171
GraphSidecar,2024-02-20 19:31:11,PCP,172
GraphVideo,2024-02-20 19:09:46,PCP,173
GraphVideo,2024-02-20 18:10:13,PCP,174
GraphSidecar,2024-02-20 17:44:43,PCP,175
GraphSidecar,2024-02-20 14:59:43,PCP,176
GraphSidecar,2024-02-19 21:49:53,PCP,177
GraphSidecar,2024-02-18 20:54:49,PCP,178
GraphVideo,2024-02-18 20:15:40,PCP,179
GraphImage,2024-02-18 19:34:11,PCP,180
GraphImage,2024-02-18 18:06:12,PCP,181
GraphSidecar,2024-02-18 17:20:48,PCP,182
GraphVideo,2024-02-18 13:32:53,PCP,183
GraphSidecar,2024-02-18 09:34:20,PCP,184
GraphSidecar,2024-02-18 09:10:25,PCP,185
GraphVideo,2024-02-18 00:57:27,PCP,186
GraphImage,2024-02-18 00:26:19,PCP,187
GraphSidecar,2024-02-17 19:49:18,PCP,188
GraphImage,2024-02-17 18:16:13,PCP,189
GraphImage,2024-02-17 18:06:16,PCP,190
GraphImage,2024-02-17 16:18:11,PCP,191
GraphVideo,2024-02-16 22:20:43,PCP,192
GraphImage,2024-02-16 21:05:25,PCP,193
GraphSidecar,2024-02-16 20:09:57,PCP,194
GraphSidecar,2024-02-16 19:29:17,PCP,195
GraphImage,2024-02-16 19:20:12,PCP,196
GraphVideo,2024-02-16 18:17:57,PCP,197
GraphImage,2024-02-16 18:14:55,PCP,198
GraphSidecar,2024-02-16 14:13:07,PCP,199
GraphImage,2024-02-16 08:00:47,PCP,200
GraphSidecar,2024-02-16 00:26:11,PCP,201
GraphSidecar,2024-02-15 23:45:27,PCP,202
GraphVideo,2024-02-15 22:48:26,PCP,203
GraphVideo,2024-02-15 22:04:53,PCP,204
GraphImage,2024-02-15 17:12:42,PCP,205
GraphImage,2024-02-15 14:10:06,PCP,206
GraphVideo,2024-02-15 00:37:33,PCP,207
GraphImage,2024-02-14 23:57:55,PCP,208
GraphImage,2024-02-14 18:26:56,PCP,209
GraphSidecar,2024-02-14 14:16:33,PCP,210
GraphVideo,2024-02-13 22:11:26,PCP,211
GraphVideo,2024-02-13 21:13:19,PCP,212
GraphImage,2024-02-13 20:12:02,PCP,213
GraphImage,2024-02-13 19:06:13,PCP,214
GraphVideo,2024-02-13 18:16:35,PCP,215
GraphSidecar,2024-02-13 17:24:18,PCP,216
GraphImage,2024-02-13 00:17:52,PCP,217
GraphVideo,2024-02-12 20:23:11,PCP,218
GraphImage,2024-02-12 18:46:12,PCP,219
GraphVideo,2024-02-12 18:36:27,PCP,220
GraphVideo,2024-02-12 00:14:19,PCP,221
GraphSidecar,2024-02-11 19:06:12,PCP,222
GraphVideo,2024-02-11 17:45:27,PCP,223
GraphImage,2024-02-11 15:24:11,PCP,224
GraphImage,2024-02-11 14:42:04,PCP,225
GraphVideo,2024-02-11 11:31:36,PCP,226
GraphVideo,2024-02-11 00:02:22,PCP,227
GraphImage,2024-02-10 19:53:03,PCP,228
GraphSidecar,2024-02-10 18:44:41,PCP,229
GraphImage,2024-02-10 18:28:14,PCP,230
GraphImage,2024-02-10 18:11:09,PCP,231
GraphVideo,2024-02-10 13:27:23,PCP,232
GraphVideo,2024-02-10 00:54:25,PCP,233
GraphVideo,2024-02-09 19:52:08,PCP,234
GraphImage,2024-02-09 19:02:12,PCP,235
GraphImage,2024-02-09 18:16:06,PCP,236
GraphImage,2024-02-09 18:08:08,PCP,237
GraphSidecar,2024-02-09 17:45:51,PCP,238
GraphImage,2024-02-09 17:19:40,PCP,239
GraphSidecar,2024-02-09 10:35:13,PCP,240
GraphVideo,2024-02-08 17:47:44,PCP,241
GraphSidecar,2024-02-08 12:56:33,PCP,242
GraphImage,2024-02-08 08:18:07,PCP,243
GraphSidecar,2024-02-07 23:32:04,PCP,244
GraphSidecar,2024-02-07 18:39:46,PCP,245
GraphSidecar,2024-02-07 18:25:32,PCP,246
GraphImage,2024-02-07 16:53:51,PCP,247
GraphImage,2024-02-07 16:45:00,PCP,248
GraphVideo,2024-02-07 13:42:56,PCP,249
GraphVideo,2024-02-07 09:16:42,PCP,250
GraphSidecar,2024-02-07 06:30:48,PCP,251
GraphVideo,2024-02-06 23:16:48,PCP,252
GraphVideo,2024-02-06 23:02:41,PCP,253
GraphImage,2024-02-06 14:51:23,PCP,254
GraphVideo,2024-02-06 12:55:50,PCP,255
GraphVideo,2024-02-06 10:44:12,PCP,256
GraphVideo,2024-02-06 10:36:03,PCP,257
GraphSidecar,2024-02-06 07:50:05,PCP,258
GraphVideo,2024-02-05 20:57:50,PCP,259
GraphVideo,2024-02-05 18:40:42,PCP,260
GraphVideo,2024-02-05 10:54:47,PCP,261
GraphSidecar,2024-02-05 07:34:59,PCP,262
GraphSidecar,2024-02-05 00:44:05,PCP,263
GraphSidecar,2024-02-04 20:56:59,PCP,264
GraphImage,2024-02-04 18:06:12,PCP,265
GraphSidecar,2024-02-04 17:27:15,PCP,266
GraphSidecar,2024-02-04 13:27:29,PCP,267
GraphSidecar,2024-02-04 10:45:33,PCP,268
GraphSidecar,2024-02-03 21:53:57,PCP,269
GraphSidecar,2024-02-03 12:27:00,PCP,270
GraphImage,2024-02-03 09:36:09,PCP,271
GraphSidecar,2024-02-03 08:43:43,PCP,272
GraphSidecar,2024-02-03 01:34:10,PCP,273
GraphVideo,2024-02-02 19:46:22,PCP,274
GraphSidecar,2024-02-02 19:15:40,PCP,275
GraphImage,2024-02-02 18:38:34,PCP,276
GraphImage,2024-02-02 18:06:09,PCP,277
GraphVideo,2024-02-02 13:23:19,PCP,278
GraphImage,2024-02-01 23:55:13,PCP,279
GraphVideo,2024-02-01 22:23:15,PCP,280
GraphVideo,2024-02-01 21:39:53,PCP,281
GraphVideo,2024-02-01 18:35:51,PCP,282
GraphSidecar,2024-02-01 17:24:06,PCP,283
GraphSidecar,2024-02-01 15:39:39,PCP,284
GraphVideo,2024-02-01 10:33:50,PCP,285
GraphImage,2024-02-01 09:09:59,PCP,286
GraphImage,2024-01-31 17:02:29,PCP,287
GraphVideo,2024-01-31 17:01:17,PCP,288
GraphImage,2024-01-31 12:33:57,PCP,289
GraphVideo,2024-01-31 00:50:48,PCP,290
GraphVideo,2024-01-30 20:43:43,PCP,291
GraphSidecar,2024-01-30 20:32:21,PCP,292
GraphVideo,2024-01-30 19:38:01,PCP,293
GraphImage,2024-01-29 23:11:17,PCP,294
GraphImage,2024-01-29 16:51:14,PCP,295
GraphSidecar,2024-01-29 12:28:18,PCP,296
GraphVideo,2024-01-29 10:49:50,PCP,297
GraphImage,2024-01-28 12:13:16,PCP,298
GraphVideo,2024-01-27 22:00:03,PCP,299
GraphVideo,2024-01-27 19:43:41,PCP,300
GraphSidecar,2024-01-27 16:13:46,PCP,301
GraphSidecar,2024-01-27 13:44:30,PCP,302
GraphImage,2024-01-27 10:06:10,PCP,303
GraphVideo,2024-01-27 00:21:07,PCP,304
GraphImage,2024-01-26 19:58:04,PCP,305
GraphImage,2024-01-26 18:02:09,PCP,306
GraphImage,2024-01-26 11:54:47,PCP,307
GraphSidecar,2024-01-26 09:20:29,PCP,308
GraphImage,2024-01-25 19:44:30,PCP,309
GraphImage,2024-01-25 17:33:03,PCP,310
GraphSidecar,2024-01-25 10:22:41,PCP,311
GraphImage,2024-01-25 10:03:49,PCP,312
GraphSidecar,2024-01-24 17:26:51,PCP,313
GraphSidecar,2024-01-24 17:15:51,PCP,314
GraphSidecar,2024-01-24 07:14:38,PCP,315
GraphSidecar,2024-01-23 23:33:32,PCP,316
GraphSidecar,2024-01-23 22:31:34,PCP,317
GraphImage,2024-01-23 16:27:25,PCP,318
GraphImage,2024-01-23 16:07:09,PCP,319
GraphSidecar,2024-01-23 15:02:14,PCP,320
GraphSidecar,2024-01-23 11:13:38,PCP,321
GraphSidecar,2024-01-22 13:05:56,PCP,322
GraphSidecar,2024-01-22 08:22:05,PCP,323
GraphSidecar,2024-01-21 22:56:11,PCP,324
GraphImage,2024-01-21 20:33:41,PCP,325
GraphImage,2024-01-20 23:45:52,PCP,326
GraphVideo,2024-01-20 19:24:28,PCP,327
GraphSidecar,2024-01-19 21:49:13,PCP,328
GraphImage,2024-01-19 18:06:10,PCP,329
GraphSidecar,2024-01-19 08:16:38,PCP,330
GraphImage,2024-01-18 21:52:56,PCP,331
GraphSidecar,2024-01-18 19:48:30,PCP,332
GraphImage,2024-01-18 18:49:25,PCP,333
GraphImage,2024-01-18 17:56:06,PCP,334
GraphImage,2024-01-18 16:26:49,PCP,335
GraphSidecar,2024-01-18 15:51:19,PCP,336
GraphImage,2024-01-18 11:04:49,PCP,337
GraphImage,2024-01-18 10:54:11,PCP,338
GraphSidecar,2024-01-18 10:53:43,PCP,339
GraphVideo,2024-01-18 10:37:47,PCP,340
GraphImage,2024-01-18 07:37:09,PCP,341
GraphVideo,2024-01-17 16:58:58,PCP,342
GraphSidecar,2024-01-17 15:45:15,PCP,343
GraphSidecar,2024-01-17 13:04:14,PCP,344
GraphSidecar,2024-01-17 07:59:46,PCP,345
GraphSidecar,2024-01-16 21:24:34,PCP,346
GraphSidecar,2024-01-16 20:47:34,PCP,347
GraphSidecar,2024-01-16 19:03:08,PCP,348
GraphVideo,2024-01-16 16:29:07,PCP,349
GraphVideo,2024-01-16 15:15:14,PCP,350
GraphSidecar,2024-01-16 14:15:25,PCP,351
GraphSidecar,2024-01-16 10:43:54,PCP,352
GraphSidecar,2024-01-16 10:36:36,PCP,353
GraphSidecar,2024-01-16 08:58:32,PCP,354
GraphVideo,2024-01-15 21:51:39,PCP,355
GraphSidecar,2024-01-15 17:02:49,PCP,356
GraphSidecar,2024-01-15 14:18:06,PCP,357
GraphVideo,2024-01-15 12:53:44,PCP,358
GraphImage,2024-01-15 07:09:16,PCP,359
GraphVideo,2024-01-15 00:46:09,PCP,360
GraphSidecar,2024-01-14 22:22:34,PCP,361
GraphVideo,2024-01-14 11:58:05,PCP,362
GraphSidecar,2024-01-14 11:37:41,PCP,363
GraphVideo,2024-01-14 10:31:37,PCP,364
GraphImage,2024-01-14 10:02:50,PCP,365
GraphImage,2024-01-14 09:55:33,PCP,366
GraphImage,2024-01-14 09:20:13,PCP,367
GraphSidecar,2024-01-13 22:46:18,PCP,368
GraphSidecar,2024-01-13 19:32:50,PCP,369
GraphImage,2024-01-13 19:06:06,PCP,370
GraphSidecar,2024-01-13 14:54:41,PCP,371
GraphSidecar,2024-01-12 22:31:45,PCP,372
GraphSidecar,2024-01-12 20:38:43,PCP,373
GraphImage,2024-01-12 18:07:08,PCP,374
GraphImage,2024-01-12 16:59:28,PCP,375
GraphImage,2024-01-12 16:40:35,PCP,376
GraphImage,2024-01-12 15:47:09,PCP,377
GraphImage,2024-01-12 14:35:58,PCP,378
GraphSidecar,2024-01-12 11:54:42,PCP,379
GraphSidecar,2024-01-12 08:12:14,PCP,380
GraphSidecar,2024-01-11 21:59:51,PCP,381
GraphSidecar,2024-01-11 21:55:06,PCP,382
GraphImage,2024-01-11 17:07:18,PCP,383
GraphSidecar,2024-01-11 14:21:43,PCP,384
GraphVideo,2024-01-11 12:59:50,PCP,385
GraphImage,2024-01-11 11:49:37,PCP,386
GraphSidecar,2024-01-11 09:30:36,PCP,387
GraphVideo,2024-01-11 02:59:27,PCP,388
GraphImage,2024-01-11 00:37:32,PCP,389
GraphSidecar,2024-01-10 20:25:54,PCP,390
GraphSidecar,2024-01-10 19:49:49,PCP,391
GraphSidecar,2024-01-10 19:22:31,PCP,392
GraphSidecar,2024-01-10 18:44:47,PCP,393
GraphVideo,2024-01-10 17:53:18,PCP,394
GraphImage,2024-01-10 16:11:52,PCP,395
GraphImage,2024-01-10 14:44:54,PCP,396
GraphSidecar,2024-01-10 10:08:47,PCP,397
GraphSidecar,2024-01-10 02:02:19,PCP,398
GraphVideo,2024-01-09 21:57:05,PCP,399
GraphSidecar,2024-01-09 21:54:56,PCP,400
GraphVideo,2024-01-09 20:02:43,PCP,401
GraphImage,2024-01-09 13:08:21,PCP,402
GraphSidecar,2024-01-09 07:52:59,PCP,403
GraphImage,2024-01-08 23:17:15,PCP,404
GraphSidecar,2024-01-08 20:26:59,PCP,405
GraphVideo,2024-01-08 17:28:10,PCP,406
GraphVideo,2024-01-08 16:47:38,PCP,407
GraphVideo,2024-01-08 16:21:17,PCP,408
GraphVideo,2024-01-08 15:04:36,PCP,409
GraphSidecar,2024-01-08 14:30:36,PCP,410
GraphSidecar,2024-01-08 08:35:58,PCP,411
GraphSidecar,2024-01-07 22:39:51,PCP,412
GraphVideo,2024-01-07 20:40:39,PCP,413
GraphImage,2024-01-07 18:06:10,PCP,414
GraphSidecar,2024-01-07 13:02:32,PCP,415
GraphSidecar,2024-01-07 03:22:56,PCP,416
GraphSidecar,2024-01-06 23:57:57,PCP,417
GraphImage,2024-01-06 20:18:43,PCP,418
GraphVideo,2024-01-06 17:55:02,PCP,419
GraphSidecar,2024-01-06 17:03:03,PCP,420
GraphSidecar,2024-01-06 12:36:58,PCP,421
GraphVideo,2024-03-08 23:55:35,L,1
GraphImage,2024-03-08 23:53:58,L,2
GraphSidecar,2024-03-08 23:45:30,L,3
GraphVideo,2024-03-08 23:36:41,L,4
GraphSidecar,2024-03-08 23:23:37,L,5
GraphVideo,2024-03-08 22:54:27,L,6
GraphVideo,2024-03-08 22:32:42,L,7
GraphVideo,2024-03-08 22:23:33,L,8
GraphVideo,2024-03-08 22:22:04,L,9
GraphImage,2024-03-08 22:12:49,L,10
GraphVideo,2024-03-08 21:54:04,L,11
GraphVideo,2024-03-08 21:46:40,L,12
GraphSidecar,2024-03-08 21:44:29,L,13
GraphVideo,2024-03-08 21:25:21,L,14
GraphVideo,2024-03-08 21:22:40,L,15
GraphSidecar,2024-03-08 20:33:13,L,16
GraphSidecar,2024-03-08 20:23:47,L,17
GraphVideo,2024-03-08 19:56:00,L,18
GraphVideo,2024-03-08 19:51:30,L,19
GraphSidecar,2024-03-08 19:44:10,L,20
GraphSidecar,2024-03-08 19:17:24,L,21
GraphSidecar,2024-03-08 19:07:50,L,22
GraphVideo,2024-03-08 19:02:26,L,23
GraphVideo,2024-03-08 18:43:35,L,24
GraphVideo,2024-03-08 18:08:49,L,25
GraphSidecar,2024-03-08 17:55:28,L,26
GraphSidecar,2024-03-08 17:48:14,L,27
GraphVideo,2024-03-08 16:59:59,L,28
GraphSidecar,2024-03-08 16:58:28,L,29
GraphVideo,2024-03-08 16:55:08,L,30
GraphSidecar,2024-03-08 16:45:28,L,31
GraphVideo,2024-03-08 15:50:20,L,32
GraphImage,2024-03-08 15:17:36,L,33
GraphVideo,2024-03-08 14:23:42,L,34
GraphSidecar,2024-03-08 13:57:47,L,35
GraphImage,2024-03-08 13:44:53,L,36
GraphSidecar,2024-03-08 13:26:02,L,37
GraphVideo,2024-03-08 13:25:06,L,38
GraphVideo,2024-03-08 13:07:44,L,39
GraphImage,2024-03-08 13:01:22,L,40
GraphVideo,2024-03-08 12:33:03,L,41
GraphSidecar,2024-03-08 12:30:40,L,42
GraphVideo,2024-03-08 11:39:40,L,43
GraphSidecar,2024-03-08 11:37:12,L,44
GraphSidecar,2024-03-08 11:26:56,L,45
GraphImage,2024-03-08 00:00:31,L,46
GraphImage,2024-03-07 23:47:14,L,47
GraphVideo,2024-03-07 23:18:05,L,48
GraphImage,2024-03-07 22:30:12,L,49
GraphImage,2024-03-07 21:43:49,L,50
GraphSidecar,2024-03-07 20:19:24,L,51
GraphSidecar,2024-03-07 19:32:03,L,52
GraphImage,2024-03-07 19:13:15,L,53
GraphSidecar,2024-03-07 17:22:00,L,54
GraphSidecar,2024-03-07 15:46:49,L,55
GraphSidecar,2024-03-07 15:19:40,L,56
GraphImage,2024-03-07 15:14:45,L,57
GraphSidecar,2024-03-07 12:22:06,L,58
GraphImage,2024-03-07 11:22:50,L,59
GraphImage,2024-03-07 11:05:23,L,60
GraphSidecar,2024-03-07 08:30:14,L,61
GraphSidecar,2024-03-07 08:25:22,L,62
GraphSidecar,2024-03-07 07:00:34,L,63
GraphVideo,2024-03-07 00:58:32,L,64
GraphImage,2024-03-07 00:26:26,L,65
GraphSidecar,2024-03-06 22:28:55,L,66
GraphVideo,2024-03-06 22:12:39,L,67
GraphSidecar,2024-03-06 21:49:38,L,68
GraphImage,2024-03-06 21:43:58,L,69
GraphSidecar,2024-03-06 21:18:31,L,70
GraphVideo,2024-03-06 20:53:37,L,71
GraphVideo,2024-03-06 20:30:04,L,72
GraphSidecar,2024-03-06 20:18:30,L,73
GraphImage,2024-03-06 19:58:22,L,74
GraphSidecar,2024-03-06 19:03:03,L,75
GraphVideo,2024-03-06 18:30:48,L,76
GraphSidecar,2024-03-06 17:25:13,L,77
GraphSidecar,2024-03-06 17:02:48,L,78
GraphVideo,2024-03-06 16:55:19,L,79
GraphImage,2024-03-06 15:36:13,L,80
GraphSidecar,2024-03-06 14:57:56,L,81
GraphImage,2024-03-06 14:51:32,L,82
GraphImage,2024-03-06 14:04:01,L,83
GraphImage,2024-03-06 13:17:04,L,84
GraphVideo,2024-03-06 12:58:13,L,85
GraphSidecar,2024-03-05 23:21:38,L,86
GraphSidecar,2024-03-05 21:00:57,L,87
GraphVideo,2024-03-05 20:38:33,L,88
GraphSidecar,2024-03-05 20:37:46,L,89
GraphVideo,2024-03-05 20:12:23,L,90
GraphVideo,2024-03-05 19:04:00,L,91
GraphSidecar,2024-03-05 18:28:00,L,92
GraphSidecar,2024-03-05 17:39:22,L,93
GraphSidecar,2024-03-05 13:38:49,L,94
GraphImage,2024-03-05 11:22:23,L,95
GraphImage,2024-03-05 08:25:13,L,96
GraphVideo,2024-03-05 08:17:05,L,97
GraphVideo,2024-03-04 22:33:09,L,98
GraphImage,2024-03-04 21:55:21,L,99
GraphImage,2024-03-04 21:42:32,L,100
GraphImage,2024-03-04 21:32:26,L,101
GraphImage,2024-03-04 20:43:10,L,102
GraphSidecar,2024-03-04 19:44:01,L,103
GraphImage,2024-03-04 19:16:04,L,104
GraphImage,2024-03-04 18:56:24,L,105
GraphImage,2024-03-04 18:45:13,L,106
GraphImage,2024-03-04 18:39:15,L,107
GraphSidecar,2024-03-04 17:25:03,L,108
GraphSidecar,2024-03-04 16:47:32,L,109
GraphVideo,2024-03-04 12:45:06,L,110
GraphVideo,2024-03-04 11:49:06,L,111
GraphImage,2024-03-03 22:45:53,L,112
GraphSidecar,2024-03-03 20:20:08,L,113
GraphImage,2024-03-03 20:09:06,L,114
GraphSidecar,2024-03-03 20:01:11,L,115
GraphVideo,2024-03-03 19:55:20,L,116
GraphSidecar,2024-03-03 19:41:30,L,117
GraphSidecar,2024-03-03 13:48:10,L,118
GraphSidecar,2024-03-03 09:48:39,L,119
GraphVideo,2024-03-03 09:30:41,L,120
GraphImage,2024-03-02 21:44:04,L,121
GraphVideo,2024-03-02 21:05:08,L,122
GraphVideo,2024-03-02 20:35:29,L,123
GraphVideo,2024-03-02 19:53:26,L,124
GraphSidecar,2024-03-02 16:24:45,L,125
GraphImage,2024-03-02 16:11:44,L,126
GraphVideo,2024-03-02 15:54:54,L,127
GraphVideo,2024-03-02 15:16:13,L,128
GraphVideo,2024-03-02 10:57:46,L,129
GraphImage,2024-03-02 10:26:32,L,130
GraphVideo,2024-03-01 23:09:51,L,131
GraphVideo,2024-03-01 23:08:23,L,132
GraphVideo,2024-03-01 20:37:09,L,133
GraphImage,2024-03-01 20:27:11,L,134
GraphImage,2024-03-01 18:19:09,L,135
GraphImage,2024-03-01 17:21:48,L,136
GraphVideo,2024-03-01 15:44:10,L,137
GraphImage,2024-03-01 13:19:43,L,138
GraphVideo,2024-03-01 11:09:15,L,139
GraphVideo,2024-03-01 10:23:36,L,140
GraphVideo,2024-02-29 22:03:37,L,141
GraphVideo,2024-02-29 21:43:56,L,142
GraphVideo,2024-02-29 21:11:27,L,143
GraphSidecar,2024-02-29 20:43:36,L,144
GraphSidecar,2024-02-29 20:10:42,L,145
GraphImage,2024-02-29 18:28:08,L,146
GraphImage,2024-02-29 18:00:07,L,147
GraphImage,2024-02-29 17:32:05,L,148
GraphImage,2024-02-29 17:19:04,L,149
GraphVideo,2024-02-29 16:59:14,L,150
GraphSidecar,2024-02-29 15:23:40,L,151
GraphImage,2024-02-29 14:55:44,L,152
GraphImage,2024-02-29 12:14:37,L,153
GraphSidecar,2024-02-28 21:27:04,L,154
GraphVideo,2024-02-28 20:35:15,L,155
GraphImage,2024-02-28 19:58:29,L,156
GraphImage,2024-02-28 18:59:45,L,157
GraphImage,2024-02-28 17:03:54,L,158
GraphImage,2024-02-28 16:05:53,L,159
GraphImage,2024-02-28 12:38:28,L,160
GraphSidecar,2024-02-28 12:05:38,L,161
GraphVideo,2024-02-28 09:12:17,L,162
GraphSidecar,2024-02-28 00:17:57,L,163
GraphVideo,2024-02-27 22:42:29,L,164
GraphImage,2024-02-27 22:13:34,L,165
GraphImage,2024-02-27 20:32:58,L,166
GraphImage,2024-02-27 20:07:11,L,167
GraphImage,2024-02-27 20:01:01,L,168
GraphSidecar,2024-02-27 18:43:10,L,169
GraphSidecar,2024-02-27 17:33:02,L,170
GraphImage,2024-02-27 15:42:34,L,171
GraphVideo,2024-02-27 13:21:22,L,172
GraphImage,2024-02-27 12:42:18,L,173
GraphImage,2024-02-27 09:57:04,L,174
GraphSidecar,2024-02-27 07:10:19,L,175
GraphImage,2024-02-27 00:17:43,L,176
GraphVideo,2024-02-26 23:13:20,L,177
GraphImage,2024-02-26 23:09:43,L,178
GraphSidecar,2024-02-26 18:55:24,L,179
GraphImage,2024-02-26 18:31:33,L,180
GraphImage,2024-02-26 18:14:42,L,181
GraphSidecar,2024-02-26 15:49:54,L,182
GraphImage,2024-02-26 13:07:17,L,183
GraphImage,2024-02-26 12:19:38,L,184
GraphSidecar,2024-02-26 12:02:26,L,185
GraphImage,2024-02-26 10:45:03,L,186
GraphSidecar,2024-02-26 08:44:41,L,187
GraphVideo,2024-02-26 00:24:51,L,188
GraphSidecar,2024-02-26 00:06:57,L,189
GraphVideo,2024-02-25 21:12:05,L,190
GraphVideo,2024-02-25 20:41:54,L,191
GraphVideo,2024-02-25 19:47:23,L,192
GraphVideo,2024-02-25 13:40:02,L,193
GraphVideo,2024-02-24 17:22:41,L,194
GraphImage,2024-02-24 13:55:42,L,195
GraphImage,2024-02-24 13:34:01,L,196
GraphVideo,2024-02-23 23:53:21,L,197
GraphVideo,2024-02-23 20:00:08,L,198
GraphVideo,2024-02-23 19:53:44,L,199
GraphImage,2024-02-23 17:57:57,L,200
GraphImage,2024-02-23 16:50:10,L,201
GraphSidecar,2024-02-23 16:46:11,L,202
GraphSidecar,2024-02-23 15:55:34,L,203
GraphImage,2024-02-23 15:53:51,L,204
GraphImage,2024-02-23 11:51:42,L,205
GraphImage,2024-02-23 08:46:37,L,206
GraphSidecar,2024-02-22 21:39:56,L,207
GraphImage,2024-02-22 21:13:23,L,208
GraphImage,2024-02-22 18:23:19,L,209
GraphSidecar,2024-02-22 16:24:03,L,210
GraphImage,2024-02-21 21:56:55,L,211
GraphImage,2024-02-21 17:39:27,L,212
GraphSidecar,2024-02-21 17:10:06,L,213
GraphImage,2024-02-21 15:24:28,L,214
GraphSidecar,2024-02-21 12:04:06,L,215
GraphSidecar,2024-02-21 09:20:10,L,216
GraphSidecar,2024-02-21 00:03:31,L,217
GraphSidecar,2024-02-20 22:08:42,L,218
GraphImage,2024-02-20 20:37:43,L,219
GraphImage,2024-02-20 18:47:28,L,220
GraphSidecar,2024-02-20 17:52:54,L,221
GraphImage,2024-02-20 11:57:09,L,222
GraphSidecar,2024-02-19 19:24:32,L,223
GraphImage,2024-02-19 18:51:09,L,224
GraphImage,2024-02-19 16:48:03,L,225
GraphImage,2024-02-19 12:19:10,L,226
GraphSidecar,2024-02-18 19:09:04,L,227
GraphVideo,2024-02-18 00:50:59,L,228
GraphVideo,2024-02-17 23:42:51,L,229
GraphVideo,2024-02-17 23:02:11,L,230
GraphVideo,2024-02-17 01:35:18,L,231
GraphVideo,2024-02-17 00:14:03,L,232
GraphVideo,2024-02-16 20:00:21,L,233
GraphImage,2024-02-16 18:48:03,L,234
GraphVideo,2024-02-16 17:52:31,L,235
GraphImage,2024-02-16 12:09:02,L,236
GraphVideo,2024-02-16 08:43:05,L,237
GraphSidecar,2024-02-15 19:27:09,L,238
GraphImage,2024-02-15 16:10:33,L,239
GraphImage,2024-02-15 14:43:12,L,240
GraphImage,2024-02-15 12:36:28,L,241
GraphImage,2024-02-15 11:24:34,L,242
GraphVideo,2024-02-14 20:12:12,L,243
GraphSidecar,2024-02-13 22:38:25,L,244
GraphVideo,2024-02-13 21:41:51,L,245
GraphVideo,2024-02-13 20:04:52,L,246
GraphSidecar,2024-02-13 16:42:20,L,247
GraphVideo,2024-02-13 12:09:00,L,248
GraphImage,2024-02-12 20:23:32,L,249
GraphVideo,2024-02-12 19:50:50,L,250
GraphSidecar,2024-02-12 16:26:31,L,251
GraphImage,2024-02-12 11:20:59,L,252
GraphSidecar,2024-02-11 19:32:39,L,253
GraphVideo,2024-02-10 18:46:11,L,254
GraphVideo,2024-02-09 23:47:27,L,255
GraphVideo,2024-02-09 22:30:44,L,256
GraphVideo,2024-02-09 17:15:09,L,257
GraphVideo,2024-02-09 12:51:02,L,258
GraphImage,2024-02-08 22:02:36,L,259
GraphVideo,2024-02-08 20:05:07,L,260
GraphImage,2024-02-08 19:17:31,L,261
GraphSidecar,2024-02-08 17:41:31,L,262
GraphVideo,2024-02-08 15:34:43,L,263
GraphImage,2024-02-08 15:15:55,L,264
GraphSidecar,2024-02-08 13:53:28,L,265
GraphImage,2024-02-08 12:48:39,L,266
GraphImage,2024-02-08 10:27:38,L,267
GraphSidecar,2024-02-08 08:03:49,L,268
GraphVideo,2024-02-07 22:20:46,L,269
GraphImage,2024-02-07 21:44:55,L,270
GraphImage,2024-02-07 19:10:20,L,271
GraphImage,2024-02-07 16:04:06,L,272
GraphImage,2024-02-06 18:55:27,L,273
GraphImage,2024-02-06 17:08:16,L,274
GraphImage,2024-02-06 14:48:44,L,275
GraphVideo,2024-02-05 23:04:12,L,276
GraphVideo,2024-02-05 17:47:07,L,277
GraphSidecar,2024-02-05 17:27:36,L,278
GraphSidecar,2024-02-05 13:40:45,L,279
GraphImage,2024-02-02 20:30:57,L,280
GraphImage,2024-02-02 18:08:00,L,281
GraphImage,2024-02-01 17:12:11,L,282
GraphSidecar,2024-02-01 12:24:14,L,283
GraphVideo,2024-02-01 11:46:12,L,284
GraphSidecar,2024-01-31 17:14:01,L,285
GraphVideo,2024-01-31 16:52:39,L,286
GraphImage,2024-01-31 12:01:58,L,287
GraphImage,2024-01-30 17:06:44,L,288
GraphSidecar,2024-01-29 16:59:21,L,289
GraphVideo,2024-01-28 00:53:20,L,290
GraphImage,2024-01-27 23:53:07,L,291
GraphImage,2024-01-27 23:17:40,L,292
GraphVideo,2024-01-27 22:49:52,L,293
GraphSidecar,2024-01-26 17:26:40,L,294
GraphVideo,2024-01-25 20:03:55,L,295
GraphVideo,2024-01-25 16:33:52,L,296
GraphVideo,2024-01-24 18:27:09,L,297
GraphSidecar,2024-01-24 12:08:39,L,298
GraphVideo,2024-01-23 21:25:06,L,299
GraphImage,2024-01-23 20:08:04,L,300
GraphSidecar,2024-01-23 15:58:11,L,301
GraphImage,2024-01-22 18:49:35,L,302
GraphSidecar,2024-01-22 16:08:30,L,303
GraphImage,2024-01-22 12:32:41,L,304
GraphVideo,2024-01-21 12:00:08,L,305
GraphSidecar,2024-01-21 09:50:20,L,306
GraphImage,2024-01-20 16:52:10,L,307
GraphImage,2024-01-19 17:41:26,L,308
GraphSidecar,2024-01-19 11:41:27,L,309
GraphVideo,2024-01-18 20:10:53,L,310
GraphImage,2024-01-18 12:15:34,L,311
GraphImage,2024-01-17 19:15:23,L,312
GraphVideo,2024-01-17 15:30:25,L,313
GraphImage,2024-01-12 19:06:59,L,314
GraphImage,2024-01-12 17:13:35,L,315
GraphImage,2024-01-12 15:18:13,L,316
GraphImage,2024-01-12 14:55:34,L,317
GraphVideo,2024-01-11 19:26:59,L,318
GraphImage,2024-01-10 19:15:16,L,319
GraphSidecar,2024-01-10 16:07:32,L,320
GraphImage,2024-01-10 11:08:12,L,321
GraphSidecar,2024-01-10 09:47:10,L,322
GraphSidecar,2024-01-09 19:32:42,L,323
GraphSidecar,2024-01-09 16:59:02,L,324
GraphVideo,2024-01-08 16:30:56,L,325
GraphVideo,2024-03-08 23:42:12,PAN,1
GraphVideo,2024-03-08 21:46:44,PAN,2
GraphSidecar,2024-03-08 19:47:54,PAN,3
GraphSidecar,2024-03-08 18:40:21,PAN,4
GraphVideo,2024-03-08 17:31:57,PAN,5
GraphSidecar,2024-03-08 15:40:48,PAN,6
GraphImage,2024-03-08 15:25:17,PAN,7
GraphSidecar,2024-03-08 15:15:05,PAN,8
GraphImage,2024-03-08 12:00:37,PAN,9
GraphSidecar,2024-03-08 10:30:29,PAN,10
GraphSidecar,2024-03-08 08:35:01,PAN,11
GraphSidecar,2024-03-07 22:35:00,PAN,12
GraphSidecar,2024-03-07 21:15:31,PAN,13
GraphSidecar,2024-03-07 20:50:37,PAN,14
GraphSidecar,2024-03-07 19:47:20,PAN,15
GraphImage,2024-03-07 18:30:15,PAN,16
GraphSidecar,2024-03-07 15:10:50,PAN,17
GraphSidecar,2024-03-07 08:53:22,PAN,18
GraphVideo,2024-03-06 18:06:01,PAN,19
GraphImage,2024-03-06 16:39:57,PAN,20
GraphSidecar,2024-03-06 13:18:02,PAN,21
GraphSidecar,2024-03-06 11:42:21,PAN,22
GraphSidecar,2024-03-05 23:19:18,PAN,23
GraphVideo,2024-03-05 19:52:41,PAN,24
GraphVideo,2024-03-05 10:22:32,PAN,25
GraphVideo,2024-03-05 10:05:53,PAN,26
GraphSidecar,2024-03-04 21:44:34,PAN,27
GraphVideo,2024-03-04 11:46:06,PAN,28
GraphSidecar,2024-03-03 10:29:10,PAN,29
GraphSidecar,2024-03-03 09:30:30,PAN,30
GraphSidecar,2024-03-01 11:32:22,PAN,31
GraphSidecar,2024-02-29 16:54:04,PAN,32
GraphSidecar,2024-02-29 10:04:33,PAN,33
GraphImage,2024-02-28 20:51:01,PAN,34
GraphImage,2024-02-28 18:31:45,PAN,35
GraphImage,2024-02-28 11:28:16,PAN,36
GraphImage,2024-02-27 22:37:27,PAN,37
GraphSidecar,2024-02-27 22:29:35,PAN,38
GraphSidecar,2024-02-27 17:30:00,PAN,39
GraphImage,2024-02-27 14:12:53,PAN,40
GraphImage,2024-02-27 11:22:07,PAN,41
GraphImage,2024-02-26 20:05:59,PAN,42
GraphSidecar,2024-02-26 12:05:48,PAN,43
GraphSidecar,2024-02-25 17:59:28,PAN,44
GraphSidecar,2024-02-25 13:09:14,PAN,45
GraphSidecar,2024-02-25 11:19:54,PAN,46
GraphSidecar,2024-02-24 20:37:26,PAN,47
GraphSidecar,2024-02-24 15:19:06,PAN,48
GraphImage,2024-02-23 18:06:39,PAN,49
GraphImage,2024-02-23 10:55:46,PAN,50
GraphImage,2024-02-22 22:24:07,PAN,51
GraphImage,2024-02-22 15:41:08,PAN,52
GraphImage,2024-02-22 00:07:04,PAN,53
GraphImage,2024-02-21 21:35:45,PAN,54
GraphImage,2024-02-21 19:42:41,PAN,55
GraphSidecar,2024-02-21 16:37:35,PAN,56
GraphSidecar,2024-02-21 13:46:08,PAN,57
GraphVideo,2024-02-20 23:42:21,PAN,58
GraphImage,2024-02-20 21:53:32,PAN,59
GraphSidecar,2024-02-20 18:54:18,PAN,60
GraphImage,2024-02-20 17:11:16,PAN,61
GraphSidecar,2024-02-20 15:17:28,PAN,62
GraphImage,2024-02-20 13:02:14,PAN,63
GraphSidecar,2024-02-20 10:35:55,PAN,64
GraphSidecar,2024-02-19 11:56:37,PAN,65
GraphImage,2024-02-18 19:59:44,PAN,66
GraphVideo,2024-02-18 19:04:56,PAN,67
GraphSidecar,2024-02-17 21:36:39,PAN,68
GraphImage,2024-02-14 17:23:37,PAN,69
GraphImage,2024-02-14 16:02:26,PAN,70
GraphImage,2024-02-13 16:50:28,PAN,71
GraphImage,2024-02-11 18:20:31,PAN,72
GraphSidecar,2024-02-11 17:40:15,PAN,73
GraphImage,2024-02-11 10:23:58,PAN,74
GraphImage,2024-02-10 18:24:11,PAN,75
GraphSidecar,2024-02-10 16:46:17,PAN,76
GraphImage,2024-02-09 17:14:41,PAN,77
GraphSidecar,2024-02-09 16:06:12,PAN,78
GraphImage,2024-02-09 13:06:05,PAN,79
GraphSidecar,2024-02-09 11:48:00,PAN,80
GraphSidecar,2024-02-09 09:26:40,PAN,81
GraphSidecar,2024-02-08 13:32:11,PAN,82
GraphSidecar,2024-02-07 19:30:43,PAN,83
GraphImage,2024-02-06 17:10:50,PAN,84
GraphImage,2024-02-05 21:52:43,PAN,85
GraphImage,2024-02-05 17:09:52,PAN,86
GraphImage,2024-02-05 00:31:31,PAN,87
GraphSidecar,2024-02-03 22:27:35,PAN,88
GraphImage,2024-01-31 18:10:31,PAN,89
GraphImage,2024-01-31 10:39:02,PAN,90
GraphSidecar,2024-01-30 10:38:03,PAN,91
GraphVideo,2024-01-29 13:00:04,PAN,92
GraphVideo,2024-01-28 10:12:10,PAN,93
GraphSidecar,2024-01-27 22:42:47,PAN,94
GraphImage,2024-01-26 18:43:25,PAN,95
GraphSidecar,2024-01-25 22:16:03,PAN,96
GraphSidecar,2024-01-24 16:07:03,PAN,97
GraphVideo,2024-01-22 13:55:22,PAN,98
GraphImage,2024-01-21 11:09:12,PAN,99
GraphSidecar,2024-01-20 19:40:32,PAN,100
GraphSidecar,2024-01-20 18:27:19,PAN,101
GraphImage,2024-01-20 10:17:41,PAN,102
GraphImage,2024-01-19 16:23:44,PAN,103
GraphSidecar,2024-01-18 11:13:34,PAN,104
GraphImage,2024-01-17 07:27:25,PAN,105
GraphImage,2024-01-15 09:32:19,PAN,106
GraphSidecar,2024-01-13 21:10:23,PAN,107
GraphImage,2024-01-12 18:23:34,PAN,108
GraphImage,2024-01-11 19:29:52,PAN,109
GraphSidecar,2024-01-10 16:48:45,PAN,110
