Political Party,Username,Post Date
PS,partido_socialista,2024-03-08 23:59:01
PS,partido_socialista,2024-03-08 23:36:30
PS,partido_socialista,2024-03-08 23:01:58
PS,partido_socialista,2024-03-08 22:36:24
PS,partido_socialista,2024-03-08 22:01:47
PS,partido_socialista,2024-03-08 21:13:29
PS,partido_socialista,2024-03-08 19:59:34
PS,partido_socialista,2024-03-08 17:35:37
PS,partido_socialista,2024-03-08 16:51:53
PS,partido_socialista,2024-03-08 15:35:04
PS,partido_socialista,2024-03-08 13:48:47
PS,partido_socialista,2024-03-08 12:53:04
PS,partido_socialista,2024-03-08 09:09:48
PS,partido_socialista,2024-03-08 07:01:06
PS,partido_socialista,2024-03-08 01:36:41
PS,partido_socialista,2024-03-08 00:03:28
PS,partido_socialista,2024-03-07 21:19:03
PS,partido_socialista,2024-03-07 20:27:47
PS,partido_socialista,2024-03-07 19:12:01
PS,partido_socialista,2024-03-07 18:44:34
PS,partido_socialista,2024-03-07 18:03:49
PS,partido_socialista,2024-03-07 15:48:42
PS,partido_socialista,2024-03-07 13:42:42
PS,partido_socialista,2024-03-07 12:53:35
PS,partido_socialista,2024-03-07 09:59:10
PS,partido_socialista,2024-03-06 23:34:02
PS,partido_socialista,2024-03-06 20:33:06
PS,partido_socialista,2024-03-06 19:59:09
PS,partido_socialista,2024-03-06 19:28:18
PS,partido_socialista,2024-03-06 17:17:56
PS,partido_socialista,2024-03-06 16:52:52
PS,partido_socialista,2024-03-06 15:56:06
PS,partido_socialista,2024-03-06 14:27:23
PS,partido_socialista,2024-03-06 10:46:28
PS,partido_socialista,2024-03-05 21:50:20
PS,partido_socialista,2024-03-05 18:14:41
PS,partido_socialista,2024-03-05 17:53:39
PS,partido_socialista,2024-03-05 12:44:38
PS,partido_socialista,2024-03-05 09:47:22
PS,partido_socialista,2024-03-04 21:48:42
PS,partido_socialista,2024-03-04 21:00:23
PS,partido_socialista,2024-03-04 19:40:02
PS,partido_socialista,2024-03-04 17:47:41
PS,partido_socialista,2024-03-04 17:13:47
PS,partido_socialista,2024-03-04 13:15:41
PS,partido_socialista,2024-03-04 01:16:05
PS,partido_socialista,2024-03-03 23:58:17
PS,partido_socialista,2024-03-03 23:27:42
PS,partido_socialista,2024-03-03 19:22:36
PS,partido_socialista,2024-03-03 18:14:07
PS,partido_socialista,2024-03-03 17:10:52
PS,partido_socialista,2024-03-03 16:35:37
PS,partido_socialista,2024-03-03 14:11:16
PS,partido_socialista,2024-03-03 13:08:31
PS,partido_socialista,2024-03-03 11:06:20
PS,partido_socialista,2024-03-03 01:02:04
PS,partido_socialista,2024-03-02 19:41:38
PS,partido_socialista,2024-03-02 19:09:28
PS,partido_socialista,2024-03-02 17:36:00
PS,partido_socialista,2024-03-02 15:04:48
PS,partido_socialista,2024-03-02 11:26:05
PS,partido_socialista,2024-03-02 01:19:31
PS,partido_socialista,2024-03-01 22:56:14
PS,partido_socialista,2024-03-01 20:56:29
PS,partido_socialista,2024-03-01 19:55:10
PS,partido_socialista,2024-03-01 17:14:58
PS,partido_socialista,2024-03-01 14:52:29
PS,partido_socialista,2024-03-01 12:35:55
PS,partido_socialista,2024-03-01 10:22:42
PS,partido_socialista,2024-03-01 00:53:21
PS,partido_socialista,2024-02-29 23:23:23
PS,partido_socialista,2024-02-29 18:43:31
PS,partido_socialista,2024-02-29 16:25:23
PS,partido_socialista,2024-02-29 14:05:12
PS,partido_socialista,2024-02-29 11:46:33
PS,partido_socialista,2024-02-29 01:43:48
PS,partido_socialista,2024-02-29 00:18:42
PS,partido_socialista,2024-02-28 21:59:44
PS,partido_socialista,2024-02-28 20:45:36
PS,partido_socialista,2024-02-28 19:52:05
PS,partido_socialista,2024-02-28 13:24:35
PS,partido_socialista,2024-02-28 11:11:39
PS,partido_socialista,2024-02-28 00:14:12
PS,partido_socialista,2024-02-27 21:14:03
PS,partido_socialista,2024-02-27 19:41:18
PS,partido_socialista,2024-02-27 15:40:09
PS,partido_socialista,2024-02-27 11:51:26
PS,partido_socialista,2024-02-27 02:12:53
PS,partido_socialista,2024-02-26 21:43:40
PS,partido_socialista,2024-02-26 14:51:06
PS,partido_socialista,2024-02-26 10:16:01
PS,partido_socialista,2024-02-25 21:31:35
PS,partido_socialista,2024-02-25 20:00:45
PS,partido_socialista,2024-02-25 16:41:41
PS,partido_socialista,2024-02-25 16:05:38
PS,partido_socialista,2024-02-25 14:21:45
PS,partido_socialista,2024-02-25 12:44:59
PS,partido_socialista,2024-02-25 00:00:46
PS,partido_socialista,2024-02-24 23:42:09
PS,partido_socialista,2024-02-24 19:08:14
PS,partido_socialista,2024-02-24 16:39:07
PS,partido_socialista,2024-02-24 09:35:15
PS,partido_socialista,2024-02-23 18:08:20
PS,partido_socialista,2024-02-23 15:52:49
PS,partido_socialista,2024-02-23 10:55:22
PS,partido_socialista,2024-02-22 20:38:49
PS,partido_socialista,2024-02-22 15:43:03
PS,partido_socialista,2024-02-22 10:30:50
PS,partido_socialista,2024-02-22 01:27:51
PS,partido_socialista,2024-02-21 23:12:42
PS,partido_socialista,2024-02-21 21:34:31
PS,partido_socialista,2024-02-21 16:08:58
PS,partido_socialista,2024-02-21 13:41:50
PS,partido_socialista,2024-02-20 22:37:53
PS,partido_socialista,2024-02-20 22:13:02
PS,partido_socialista,2024-02-20 17:44:56
PS,partido_socialista,2024-02-20 13:14:52
PS,partido_socialista,2024-02-20 00:16:24
PS,partido_socialista,2024-02-19 23:22:55
PS,partido_socialista,2024-02-19 17:17:14
PS,partido_socialista,2024-02-19 13:22:41
PS,partido_socialista,2024-02-18 23:57:32
PS,partido_socialista,2024-02-18 19:12:41
PS,partido_socialista,2024-02-18 12:55:34
PS,partido_socialista,2024-02-18 10:07:45
PS,partido_socialista,2024-02-17 21:51:05
PS,partido_socialista,2024-02-17 19:33:28
PS,partido_socialista,2024-02-17 18:48:20
PS,partido_socialista,2024-02-17 14:59:05
PS,partido_socialista,2024-02-17 12:34:21
PS,partido_socialista,2024-02-17 10:59:17
PS,partido_socialista,2024-02-16 23:20:10
PS,partido_socialista,2024-02-16 22:25:27
PS,partido_socialista,2024-02-16 17:21:13
PS,partido_socialista,2024-02-16 16:22:50
PS,partido_socialista,2024-02-16 13:50:48
PS,partido_socialista,2024-02-16 10:26:01
PS,partido_socialista,2024-02-15 23:32:40
PS,partido_socialista,2024-02-15 20:02:18
PS,partido_socialista,2024-02-15 16:45:08
PS,partido_socialista,2024-02-15 09:04:21
PS,partido_socialista,2024-02-14 23:31:16
PS,partido_socialista,2024-02-14 22:22:05
PS,partido_socialista,2024-02-14 18:33:14
PS,partido_socialista,2024-02-14 09:30:24
PS,partido_socialista,2024-02-13 22:13:05
PS,partido_socialista,2024-02-13 18:06:08
PS,partido_socialista,2024-02-13 15:36:02
PS,partido_socialista,2024-02-12 23:46:06
PS,partido_socialista,2024-02-12 22:04:34
PS,partido_socialista,2024-02-12 19:20:08
PS,partido_socialista,2024-02-12 15:29:59
PS,partido_socialista,2024-02-12 12:46:29
PS,partido_socialista,2024-02-11 23:09:03
PS,partido_socialista,2024-02-11 19:33:25
PS,partido_socialista,2024-02-11 12:45:33
PS,partido_socialista,2024-02-11 00:17:09
PS,partido_socialista,2024-02-10 22:28:07
PS,partido_socialista,2024-02-10 22:15:25
PS,partido_socialista,2024-02-10 16:40:12
PS,partido_socialista,2024-02-10 15:40:39
PS,partido_socialista,2024-02-10 13:40:03
PS,partido_socialista,2024-02-09 22:48:07
PS,partido_socialista,2024-02-09 22:16:58
PS,partido_socialista,2024-02-09 19:05:13
PS,partido_socialista,2024-02-09 10:37:40
PS,partido_socialista,2024-02-08 23:49:47
PS,partido_socialista,2024-02-08 22:14:20
PS,partido_socialista,2024-02-08 18:13:41
PS,partido_socialista,2024-02-08 16:59:59
PS,partido_socialista,2024-02-08 10:14:20
PS,partido_socialista,2024-02-07 23:26:11
PS,partido_socialista,2024-02-07 21:49:02
PS,partido_socialista,2024-02-07 17:51:45
PS,partido_socialista,2024-02-07 13:52:55
PS,partido_socialista,2024-02-07 09:53:37
PS,partido_socialista,2024-02-06 21:10:13
PS,partido_socialista,2024-02-06 19:06:06
PS,partido_socialista,2024-02-06 00:18:43
PS,partido_socialista,2024-02-05 22:40:06
PS,partido_socialista,2024-02-05 22:19:31
PS,partido_socialista,2024-02-05 15:43:43
PS,partido_socialista,2024-02-05 12:18:01
PS,partido_socialista,2024-02-05 01:37:48
PS,partido_socialista,2024-02-04 15:38:13
PS,partido_socialista,2024-02-03 00:15:41
PS,partido_socialista,2024-02-03 00:06:17
PS,partido_socialista,2024-02-02 16:36:34
PS,partido_socialista,2024-02-02 14:48:32
PS,partido_socialista,2024-02-02 09:43:56
PS,partido_socialista,2024-02-02 00:30:42
PS,partido_socialista,2024-02-01 13:31:08
PS,partido_socialista,2024-02-01 09:47:43
PS,partido_socialista,2024-02-01 08:06:57
PS,partido_socialista,2024-01-31 23:58:12
PS,partido_socialista,2024-01-31 19:20:13
PS,partido_socialista,2024-01-31 16:05:26
PS,partido_socialista,2024-01-31 13:58:56
PS,partido_socialista,2024-01-31 12:24:07
PS,partido_socialista,2024-01-30 21:36:45
PS,partido_socialista,2024-01-30 17:58:31
PS,partido_socialista,2024-01-30 15:22:24
PS,partido_socialista,2024-01-30 11:46:13
PS,partido_socialista,2024-01-29 19:05:23
PS,partido_socialista,2024-01-29 13:37:38
PS,partido_socialista,2024-01-29 12:04:10
PS,partido_socialista,2024-01-28 22:32:25
PS,partido_socialista,2024-01-28 20:43:52
PS,partido_socialista,2024-01-28 18:27:30
PS,partido_socialista,2024-01-28 12:20:56
PS,partido_socialista,2024-01-28 09:01:09
PS,partido_socialista,2024-01-27 22:50:02
PS,partido_socialista,2024-01-27 20:17:23
PS,partido_socialista,2024-01-27 18:21:35
PS,partido_socialista,2024-01-26 20:16:46
PS,partido_socialista,2024-01-26 12:41:26
PS,partido_socialista,2024-01-25 21:30:23
PS,partido_socialista,2024-01-25 20:34:17
PS,partido_socialista,2024-01-25 17:49:03
PS,partido_socialista,2024-01-24 23:14:43
PS,partido_socialista,2024-01-24 10:04:52
PS,partido_socialista,2024-01-24 00:45:13
PS,partido_socialista,2024-01-23 21:47:52
PS,partido_socialista,2024-01-23 18:44:53
PS,partido_socialista,2024-01-23 12:04:43
PS,partido_socialista,2024-01-22 20:53:14
PS,partido_socialista,2024-01-22 13:27:31
PS,partido_socialista,2024-01-21 20:53:24
PS,partido_socialista,2024-01-21 09:12:27
PS,partido_socialista,2024-01-20 20:04:21
PS,partido_socialista,2024-01-20 11:09:53
PS,partido_socialista,2024-01-19 22:57:41
PS,partido_socialista,2024-01-19 18:30:00
PS,partido_socialista,2024-01-19 16:47:49
PS,partido_socialista,2024-01-18 20:39:16
PS,partido_socialista,2024-01-18 12:52:35
PS,partido_socialista,2024-01-17 20:46:26
PS,partido_socialista,2024-01-17 12:12:17
PS,partido_socialista,2024-01-14 18:43:57
PS,partido_socialista,2024-01-14 14:14:18
PS,partido_socialista,2024-01-13 17:17:05
PS,partido_socialista,2024-01-13 15:13:03
PS,partido_socialista,2024-01-13 13:01:36
PS,partido_socialista,2024-01-12 19:59:22
PS,partido_socialista,2024-01-12 10:31:50
PS,partido_socialista,2024-01-11 17:18:21
PS,partido_socialista,2024-01-10 20:18:50
PS,partido_socialista,2024-01-09 21:03:20
PS,partido_socialista,2024-01-08 19:10:46
PS,partido_socialista,2024-01-08 00:09:27
PS,partido_socialista,2024-01-07 21:04:47
PS,partido_socialista,2024-01-07 17:40:06
PS,partido_socialista,2024-01-07 16:37:11
PS,partido_socialista,2024-01-07 13:17:15
PS,partido_socialista,2024-01-07 00:06:29
PS,partido_socialista,2024-01-06 19:32:07
PS,partido_socialista,2024-01-06 15:07:37
PS,partido_socialista,2024-01-06 12:50:20
PS,partido_socialista,2024-01-06 10:33:50
PS,partido_socialista,2024-01-06 00:08:03
PPD/PSD.CDS-PP.PPM,partidosocialdemocrata,2024-03-08 23:30:46
PPD/PSD.CDS-PP.PPM,partidosocialdemocrata,2024-03-08 23:29:13
PPD/PSD.CDS-PP.PPM,partidosocialdemocrata,2024-03-08 23:17:56
PPD/PSD.CDS-PP.PPM,partidosocialdemocrata,2024-03-08 22:19:55
PPD/PSD.CDS-PP.PPM,partidosocialdemocrata,2024-03-08 21:42:43
PPD/PSD.CDS-PP.PPM,partidosocialdemocrata,2024-03-08 18:07:56
PPD/PSD.CDS-PP.PPM,partidosocialdemocrata,2024-03-08 17:48:17
PPD/PSD.CDS-PP.PPM,partidosocialdemocrata,2024-03-08 16:13:22
PPD/PSD.CDS-PP.PPM,partidosocialdemocrata,2024-03-08 14:41:24
PPD/PSD.CDS-PP.PPM,partidosocialdemocrata,2024-03-08 12:11:59
PPD/PSD.CDS-PP.PPM,partidosocialdemocrata,2024-03-08 11:31:14
PPD/PSD.CDS-PP.PPM,partidosocialdemocrata,2024-03-08 10:01:53
PPD/PSD.CDS-PP.PPM,partidosocialdemocrata,2024-03-08 09:29:29
PPD/PSD.CDS-PP.PPM,partidosocialdemocrata,2024-03-08 07:59:08
PPD/PSD.CDS-PP.PPM,partidosocialdemocrata,2024-03-07 22:55:07
PPD/PSD.CDS-PP.PPM,partidosocialdemocrata,2024-03-07 22:28:29
PPD/PSD.CDS-PP.PPM,partidosocialdemocrata,2024-03-07 21:51:15
PPD/PSD.CDS-PP.PPM,partidosocialdemocrata,2024-03-07 15:29:21
PPD/PSD.CDS-PP.PPM,partidosocialdemocrata,2024-03-07 14:09:39
PPD/PSD.CDS-PP.PPM,partidosocialdemocrata,2024-03-07 10:50:48
PPD/PSD.CDS-PP.PPM,partidosocialdemocrata,2024-03-07 10:11:27
PPD/PSD.CDS-PP.PPM,partidosocialdemocrata,2024-03-06 23:16:16
PPD/PSD.CDS-PP.PPM,partidosocialdemocrata,2024-03-06 23:12:47
PPD/PSD.CDS-PP.PPM,partidosocialdemocrata,2024-03-06 21:48:53
PPD/PSD.CDS-PP.PPM,partidosocialdemocrata,2024-03-06 18:41:13
PPD/PSD.CDS-PP.PPM,partidosocialdemocrata,2024-03-06 17:30:45
PPD/PSD.CDS-PP.PPM,partidosocialdemocrata,2024-03-06 15:01:42
PPD/PSD.CDS-PP.PPM,partidosocialdemocrata,2024-03-06 10:43:23
PPD/PSD.CDS-PP.PPM,partidosocialdemocrata,2024-03-06 01:20:34
PPD/PSD.CDS-PP.PPM,partidosocialdemocrata,2024-03-06 00:49:50
PPD/PSD.CDS-PP.PPM,partidosocialdemocrata,2024-03-05 23:02:03
PPD/PSD.CDS-PP.PPM,partidosocialdemocrata,2024-03-05 19:58:23
PPD/PSD.CDS-PP.PPM,partidosocialdemocrata,2024-03-05 17:03:52
PPD/PSD.CDS-PP.PPM,partidosocialdemocrata,2024-03-05 15:05:01
PPD/PSD.CDS-PP.PPM,partidosocialdemocrata,2024-03-05 13:24:01
PPD/PSD.CDS-PP.PPM,partidosocialdemocrata,2024-03-05 10:59:37
PPD/PSD.CDS-PP.PPM,partidosocialdemocrata,2024-03-05 09:34:37
PPD/PSD.CDS-PP.PPM,partidosocialdemocrata,2024-03-04 23:01:33
PPD/PSD.CDS-PP.PPM,partidosocialdemocrata,2024-03-04 22:50:41
PPD/PSD.CDS-PP.PPM,partidosocialdemocrata,2024-03-04 21:05:01
PPD/PSD.CDS-PP.PPM,partidosocialdemocrata,2024-03-04 16:51:27
PPD/PSD.CDS-PP.PPM,partidosocialdemocrata,2024-03-04 15:17:23
PPD/PSD.CDS-PP.PPM,partidosocialdemocrata,2024-03-04 12:26:30
PPD/PSD.CDS-PP.PPM,partidosocialdemocrata,2024-03-04 10:53:37
PPD/PSD.CDS-PP.PPM,partidosocialdemocrata,2024-03-04 10:34:48
PPD/PSD.CDS-PP.PPM,partidosocialdemocrata,2024-03-03 22:10:32
PPD/PSD.CDS-PP.PPM,partidosocialdemocrata,2024-03-03 21:08:06
PPD/PSD.CDS-PP.PPM,partidosocialdemocrata,2024-03-03 19:43:50
PPD/PSD.CDS-PP.PPM,partidosocialdemocrata,2024-03-03 19:02:24
PPD/PSD.CDS-PP.PPM,partidosocialdemocrata,2024-03-03 18:12:21
PPD/PSD.CDS-PP.PPM,partidosocialdemocrata,2024-03-03 15:18:10
PPD/PSD.CDS-PP.PPM,partidosocialdemocrata,2024-03-03 14:29:40
PPD/PSD.CDS-PP.PPM,partidosocialdemocrata,2024-03-03 13:50:49
PPD/PSD.CDS-PP.PPM,partidosocialdemocrata,2024-03-03 12:24:33
PPD/PSD.CDS-PP.PPM,partidosocialdemocrata,2024-03-03 09:01:10
PPD/PSD.CDS-PP.PPM,partidosocialdemocrata,2024-03-03 08:15:42
PPD/PSD.CDS-PP.PPM,partidosocialdemocrata,2024-03-03 00:00:16
PPD/PSD.CDS-PP.PPM,partidosocialdemocrata,2024-03-02 23:11:01
PPD/PSD.CDS-PP.PPM,partidosocialdemocrata,2024-03-02 22:55:36
PPD/PSD.CDS-PP.PPM,partidosocialdemocrata,2024-03-02 22:44:08
PPD/PSD.CDS-PP.PPM,partidosocialdemocrata,2024-03-02 21:58:24
PPD/PSD.CDS-PP.PPM,partidosocialdemocrata,2024-03-02 19:14:42
PPD/PSD.CDS-PP.PPM,partidosocialdemocrata,2024-03-02 18:15:14
PPD/PSD.CDS-PP.PPM,partidosocialdemocrata,2024-03-02 17:39:27
PPD/PSD.CDS-PP.PPM,partidosocialdemocrata,2024-03-02 14:35:17
PPD/PSD.CDS-PP.PPM,partidosocialdemocrata,2024-03-02 12:57:25
PPD/PSD.CDS-PP.PPM,partidosocialdemocrata,2024-03-02 11:38:05
PPD/PSD.CDS-PP.PPM,partidosocialdemocrata,2024-03-02 10:18:58
PPD/PSD.CDS-PP.PPM,partidosocialdemocrata,2024-03-02 08:04:19
PPD/PSD.CDS-PP.PPM,partidosocialdemocrata,2024-03-02 01:56:23
PPD/PSD.CDS-PP.PPM,partidosocialdemocrata,2024-03-02 01:48:27
PPD/PSD.CDS-PP.PPM,partidosocialdemocrata,2024-03-01 21:06:12
PPD/PSD.CDS-PP.PPM,partidosocialdemocrata,2024-03-01 19:24:19
PPD/PSD.CDS-PP.PPM,partidosocialdemocrata,2024-03-01 15:42:58
PPD/PSD.CDS-PP.PPM,partidosocialdemocrata,2024-03-01 14:40:40
PPD/PSD.CDS-PP.PPM,partidosocialdemocrata,2024-03-01 09:59:17
PPD/PSD.CDS-PP.PPM,partidosocialdemocrata,2024-03-01 00:18:25
PPD/PSD.CDS-PP.PPM,partidosocialdemocrata,2024-02-29 23:46:57
PPD/PSD.CDS-PP.PPM,partidosocialdemocrata,2024-02-29 21:09:14
PPD/PSD.CDS-PP.PPM,partidosocialdemocrata,2024-02-29 17:09:10
PPD/PSD.CDS-PP.PPM,partidosocialdemocrata,2024-02-29 14:33:14
PPD/PSD.CDS-PP.PPM,partidosocialdemocrata,2024-02-29 10:52:08
PPD/PSD.CDS-PP.PPM,partidosocialdemocrata,2024-02-29 08:58:02
PPD/PSD.CDS-PP.PPM,partidosocialdemocrata,2024-02-29 08:15:39
PPD/PSD.CDS-PP.PPM,partidosocialdemocrata,2024-02-28 23:49:25
PPD/PSD.CDS-PP.PPM,partidosocialdemocrata,2024-02-28 21:58:01
PPD/PSD.CDS-PP.PPM,partidosocialdemocrata,2024-02-28 14:23:34
PPD/PSD.CDS-PP.PPM,partidosocialdemocrata,2024-02-28 11:31:19
PPD/PSD.CDS-PP.PPM,partidosocialdemocrata,2024-02-28 10:53:18
PPD/PSD.CDS-PP.PPM,partidosocialdemocrata,2024-02-27 23:36:41
PPD/PSD.CDS-PP.PPM,partidosocialdemocrata,2024-02-27 23:07:08
PPD/PSD.CDS-PP.PPM,partidosocialdemocrata,2024-02-27 22:21:55
PPD/PSD.CDS-PP.PPM,partidosocialdemocrata,2024-02-27 19:39:32
PPD/PSD.CDS-PP.PPM,partidosocialdemocrata,2024-02-27 17:18:00
PPD/PSD.CDS-PP.PPM,partidosocialdemocrata,2024-02-27 14:37:14
PPD/PSD.CDS-PP.PPM,partidosocialdemocrata,2024-02-26 23:50:27
PPD/PSD.CDS-PP.PPM,partidosocialdemocrata,2024-02-26 23:19:22
PPD/PSD.CDS-PP.PPM,partidosocialdemocrata,2024-02-26 22:14:43
PPD/PSD.CDS-PP.PPM,partidosocialdemocrata,2024-02-26 21:28:44
PPD/PSD.CDS-PP.PPM,partidosocialdemocrata,2024-02-26 19:07:13
PPD/PSD.CDS-PP.PPM,partidosocialdemocrata,2024-02-26 12:29:13
PPD/PSD.CDS-PP.PPM,partidosocialdemocrata,2024-02-26 09:01:41
PPD/PSD.CDS-PP.PPM,partidosocialdemocrata,2024-02-25 23:27:18
PPD/PSD.CDS-PP.PPM,partidosocialdemocrata,2024-02-25 22:16:12
PPD/PSD.CDS-PP.PPM,partidosocialdemocrata,2024-02-25 19:21:49
PPD/PSD.CDS-PP.PPM,partidosocialdemocrata,2024-02-25 17:38:38
PPD/PSD.CDS-PP.PPM,partidosocialdemocrata,2024-02-25 16:14:18
PPD/PSD.CDS-PP.PPM,partidosocialdemocrata,2024-02-25 09:00:10
PPD/PSD.CDS-PP.PPM,partidosocialdemocrata,2024-02-25 00:19:07
PPD/PSD.CDS-PP.PPM,partidosocialdemocrata,2024-02-24 22:34:09
PPD/PSD.CDS-PP.PPM,partidosocialdemocrata,2024-02-24 21:30:04
PPD/PSD.CDS-PP.PPM,partidosocialdemocrata,2024-02-24 17:03:35
PPD/PSD.CDS-PP.PPM,partidosocialdemocrata,2024-02-24 15:28:14
PPD/PSD.CDS-PP.PPM,partidosocialdemocrata,2024-02-24 12:05:55
PPD/PSD.CDS-PP.PPM,partidosocialdemocrata,2024-02-23 23:50:10
PPD/PSD.CDS-PP.PPM,partidosocialdemocrata,2024-02-23 18:14:15
PPD/PSD.CDS-PP.PPM,partidosocialdemocrata,2024-02-23 17:14:21
PPD/PSD.CDS-PP.PPM,partidosocialdemocrata,2024-02-23 12:40:22
PPD/PSD.CDS-PP.PPM,partidosocialdemocrata,2024-02-23 11:37:28
PPD/PSD.CDS-PP.PPM,partidosocialdemocrata,2024-02-23 10:35:58
PPD/PSD.CDS-PP.PPM,partidosocialdemocrata,2024-02-22 23:56:42
PPD/PSD.CDS-PP.PPM,partidosocialdemocrata,2024-02-22 22:58:46
PPD/PSD.CDS-PP.PPM,partidosocialdemocrata,2024-02-22 18:37:55
PPD/PSD.CDS-PP.PPM,partidosocialdemocrata,2024-02-22 14:34:11
PPD/PSD.CDS-PP.PPM,partidosocialdemocrata,2024-02-22 13:39:00
PPD/PSD.CDS-PP.PPM,partidosocialdemocrata,2024-02-22 10:35:27
PPD/PSD.CDS-PP.PPM,partidosocialdemocrata,2024-02-22 09:01:28
PPD/PSD.CDS-PP.PPM,partidosocialdemocrata,2024-02-21 19:59:32
PPD/PSD.CDS-PP.PPM,partidosocialdemocrata,2024-02-21 18:29:24
PPD/PSD.CDS-PP.PPM,partidosocialdemocrata,2024-02-21 17:49:38
PPD/PSD.CDS-PP.PPM,partidosocialdemocrata,2024-02-21 12:53:45
PPD/PSD.CDS-PP.PPM,partidosocialdemocrata,2024-02-20 23:31:57
PPD/PSD.CDS-PP.PPM,partidosocialdemocrata,2024-02-20 18:31:32
PPD/PSD.CDS-PP.PPM,partidosocialdemocrata,2024-02-20 15:58:36
PPD/PSD.CDS-PP.PPM,partidosocialdemocrata,2024-02-20 11:30:05
PPD/PSD.CDS-PP.PPM,partidosocialdemocrata,2024-02-20 10:38:27
PPD/PSD.CDS-PP.PPM,partidosocialdemocrata,2024-02-20 09:01:09
PPD/PSD.CDS-PP.PPM,partidosocialdemocrata,2024-02-19 23:40:12
PPD/PSD.CDS-PP.PPM,partidosocialdemocrata,2024-02-19 22:38:23
PPD/PSD.CDS-PP.PPM,partidosocialdemocrata,2024-02-19 22:08:51
PPD/PSD.CDS-PP.PPM,partidosocialdemocrata,2024-02-19 20:09:17
PPD/PSD.CDS-PP.PPM,partidosocialdemocrata,2024-02-19 13:18:37
PPD/PSD.CDS-PP.PPM,partidosocialdemocrata,2024-02-19 12:09:07
PPD/PSD.CDS-PP.PPM,partidosocialdemocrata,2024-02-18 22:22:01
PPD/PSD.CDS-PP.PPM,partidosocialdemocrata,2024-02-18 18:00:06
PPD/PSD.CDS-PP.PPM,partidosocialdemocrata,2024-02-18 17:16:48
PPD/PSD.CDS-PP.PPM,partidosocialdemocrata,2024-02-18 12:54:14
PPD/PSD.CDS-PP.PPM,partidosocialdemocrata,2024-02-18 00:11:55
PPD/PSD.CDS-PP.PPM,partidosocialdemocrata,2024-02-17 20:51:15
PPD/PSD.CDS-PP.PPM,partidosocialdemocrata,2024-02-17 20:16:53
PPD/PSD.CDS-PP.PPM,partidosocialdemocrata,2024-02-17 19:26:19
PPD/PSD.CDS-PP.PPM,partidosocialdemocrata,2024-02-16 19:59:47
PPD/PSD.CDS-PP.PPM,partidosocialdemocrata,2024-02-15 18:55:13
PPD/PSD.CDS-PP.PPM,partidosocialdemocrata,2024-02-15 15:00:04
PPD/PSD.CDS-PP.PPM,partidosocialdemocrata,2024-02-15 12:45:01
PPD/PSD.CDS-PP.PPM,partidosocialdemocrata,2024-02-14 20:01:15
PPD/PSD.CDS-PP.PPM,partidosocialdemocrata,2024-02-14 16:00:28
PPD/PSD.CDS-PP.PPM,partidosocialdemocrata,2024-02-14 08:59:36
PPD/PSD.CDS-PP.PPM,partidosocialdemocrata,2024-02-13 20:00:16
PPD/PSD.CDS-PP.PPM,partidosocialdemocrata,2024-02-13 13:01:27
PPD/PSD.CDS-PP.PPM,partidosocialdemocrata,2024-02-12 22:54:31
PPD/PSD.CDS-PP.PPM,partidosocialdemocrata,2024-02-12 22:29:00
PPD/PSD.CDS-PP.PPM,partidosocialdemocrata,2024-02-12 14:23:56
PPD/PSD.CDS-PP.PPM,partidosocialdemocrata,2024-02-12 13:00:50
PPD/PSD.CDS-PP.PPM,partidosocialdemocrata,2024-02-12 11:41:07
PPD/PSD.CDS-PP.PPM,partidosocialdemocrata,2024-02-11 22:55:21
PPD/PSD.CDS-PP.PPM,partidosocialdemocrata,2024-02-11 12:21:50
PPD/PSD.CDS-PP.PPM,partidosocialdemocrata,2024-02-11 10:05:19
PPD/PSD.CDS-PP.PPM,partidosocialdemocrata,2024-02-10 23:14:25
PPD/PSD.CDS-PP.PPM,partidosocialdemocrata,2024-02-10 22:22:14
PPD/PSD.CDS-PP.PPM,partidosocialdemocrata,2024-02-10 21:40:51
PPD/PSD.CDS-PP.PPM,partidosocialdemocrata,2024-02-10 16:14:03
PPD/PSD.CDS-PP.PPM,partidosocialdemocrata,2024-02-10 10:30:25
PPD/PSD.CDS-PP.PPM,partidosocialdemocrata,2024-02-09 21:29:18
PPD/PSD.CDS-PP.PPM,partidosocialdemocrata,2024-02-09 20:30:15
PPD/PSD.CDS-PP.PPM,partidosocialdemocrata,2024-02-09 20:02:45
PPD/PSD.CDS-PP.PPM,partidosocialdemocrata,2024-02-09 18:05:20
PPD/PSD.CDS-PP.PPM,partidosocialdemocrata,2024-02-09 09:59:27
PPD/PSD.CDS-PP.PPM,partidosocialdemocrata,2024-02-08 20:59:10
PPD/PSD.CDS-PP.PPM,partidosocialdemocrata,2024-02-08 19:53:18
PPD/PSD.CDS-PP.PPM,partidosocialdemocrata,2024-02-08 11:31:20
PPD/PSD.CDS-PP.PPM,partidosocialdemocrata,2024-02-07 20:59:44
PPD/PSD.CDS-PP.PPM,partidosocialdemocrata,2024-02-07 19:59:29
PPD/PSD.CDS-PP.PPM,partidosocialdemocrata,2024-02-07 19:36:30
PPD/PSD.CDS-PP.PPM,partidosocialdemocrata,2024-02-07 16:20:32
PPD/PSD.CDS-PP.PPM,partidosocialdemocrata,2024-02-07 12:06:41
PPD/PSD.CDS-PP.PPM,partidosocialdemocrata,2024-02-07 00:49:21
PPD/PSD.CDS-PP.PPM,partidosocialdemocrata,2024-02-05 20:29:59
PPD/PSD.CDS-PP.PPM,partidosocialdemocrata,2024-02-05 19:37:14
PPD/PSD.CDS-PP.PPM,partidosocialdemocrata,2024-02-05 14:56:52
PPD/PSD.CDS-PP.PPM,partidosocialdemocrata,2024-02-05 12:15:28
PPD/PSD.CDS-PP.PPM,partidosocialdemocrata,2024-02-05 10:47:18
PPD/PSD.CDS-PP.PPM,partidosocialdemocrata,2024-02-04 23:21:05
PPD/PSD.CDS-PP.PPM,partidosocialdemocrata,2024-02-02 23:00:04
PPD/PSD.CDS-PP.PPM,partidosocialdemocrata,2024-02-02 20:13:26
PPD/PSD.CDS-PP.PPM,partidosocialdemocrata,2024-02-02 11:04:15
PPD/PSD.CDS-PP.PPM,partidosocialdemocrata,2024-02-02 08:59:32
PPD/PSD.CDS-PP.PPM,partidosocialdemocrata,2024-02-01 15:27:09
PPD/PSD.CDS-PP.PPM,partidosocialdemocrata,2024-02-01 08:41:29
PPD/PSD.CDS-PP.PPM,partidosocialdemocrata,2024-02-01 08:02:42
PPD/PSD.CDS-PP.PPM,partidosocialdemocrata,2024-01-31 19:26:55
PPD/PSD.CDS-PP.PPM,partidosocialdemocrata,2024-01-31 14:30:36
PPD/PSD.CDS-PP.PPM,partidosocialdemocrata,2024-01-30 19:30:02
PPD/PSD.CDS-PP.PPM,partidosocialdemocrata,2024-01-30 18:30:02
PPD/PSD.CDS-PP.PPM,partidosocialdemocrata,2024-01-30 17:18:27
PPD/PSD.CDS-PP.PPM,partidosocialdemocrata,2024-01-30 11:24:02
PPD/PSD.CDS-PP.PPM,partidosocialdemocrata,2024-01-29 21:00:04
PPD/PSD.CDS-PP.PPM,partidosocialdemocrata,2024-01-29 19:01:15
PPD/PSD.CDS-PP.PPM,partidosocialdemocrata,2024-01-29 14:39:46
PPD/PSD.CDS-PP.PPM,partidosocialdemocrata,2024-01-28 21:00:02
PPD/PSD.CDS-PP.PPM,partidosocialdemocrata,2024-01-28 19:16:58
PPD/PSD.CDS-PP.PPM,partidosocialdemocrata,2024-01-28 16:11:00
PPD/PSD.CDS-PP.PPM,partidosocialdemocrata,2024-01-28 14:05:25
PPD/PSD.CDS-PP.PPM,partidosocialdemocrata,2024-01-27 13:59:39
PPD/PSD.CDS-PP.PPM,partidosocialdemocrata,2024-01-26 19:29:49
PPD/PSD.CDS-PP.PPM,partidosocialdemocrata,2024-01-26 16:48:26
PPD/PSD.CDS-PP.PPM,partidosocialdemocrata,2024-01-26 13:00:07
PPD/PSD.CDS-PP.PPM,partidosocialdemocrata,2024-01-25 17:58:54
PPD/PSD.CDS-PP.PPM,partidosocialdemocrata,2024-01-25 16:00:54
PPD/PSD.CDS-PP.PPM,partidosocialdemocrata,2024-01-25 13:23:00
PPD/PSD.CDS-PP.PPM,partidosocialdemocrata,2024-01-25 11:22:39
PPD/PSD.CDS-PP.PPM,partidosocialdemocrata,2024-01-24 20:23:30
PPD/PSD.CDS-PP.PPM,partidosocialdemocrata,2024-01-24 15:20:29
PPD/PSD.CDS-PP.PPM,partidosocialdemocrata,2024-01-24 10:00:15
PPD/PSD.CDS-PP.PPM,partidosocialdemocrata,2024-01-24 08:00:05
PPD/PSD.CDS-PP.PPM,partidosocialdemocrata,2024-01-23 19:08:06
PPD/PSD.CDS-PP.PPM,partidosocialdemocrata,2024-01-23 16:37:32
PPD/PSD.CDS-PP.PPM,partidosocialdemocrata,2024-01-23 14:00:53
PPD/PSD.CDS-PP.PPM,partidosocialdemocrata,2024-01-23 12:13:43
PPD/PSD.CDS-PP.PPM,partidosocialdemocrata,2024-01-22 19:45:52
PPD/PSD.CDS-PP.PPM,partidosocialdemocrata,2024-01-22 11:35:11
PPD/PSD.CDS-PP.PPM,partidosocialdemocrata,2024-01-22 07:46:28
PPD/PSD.CDS-PP.PPM,partidosocialdemocrata,2024-01-21 21:57:32
PPD/PSD.CDS-PP.PPM,partidosocialdemocrata,2024-01-21 18:25:04
PPD/PSD.CDS-PP.PPM,partidosocialdemocrata,2024-01-21 15:19:37
PPD/PSD.CDS-PP.PPM,partidosocialdemocrata,2024-01-21 11:59:26
PPD/PSD.CDS-PP.PPM,partidosocialdemocrata,2024-01-20 17:12:55
PPD/PSD.CDS-PP.PPM,partidosocialdemocrata,2024-01-20 11:12:17
PPD/PSD.CDS-PP.PPM,partidosocialdemocrata,2024-01-20 10:29:50
PPD/PSD.CDS-PP.PPM,partidosocialdemocrata,2024-01-19 20:55:03
PPD/PSD.CDS-PP.PPM,partidosocialdemocrata,2024-01-19 11:53:39
PPD/PSD.CDS-PP.PPM,partidosocialdemocrata,2024-01-18 20:59:13
PPD/PSD.CDS-PP.PPM,partidosocialdemocrata,2024-01-18 08:57:37
PPD/PSD.CDS-PP.PPM,partidosocialdemocrata,2024-01-17 19:03:33
PPD/PSD.CDS-PP.PPM,partidosocialdemocrata,2024-01-17 13:26:19
PPD/PSD.CDS-PP.PPM,partidosocialdemocrata,2024-01-16 21:41:05
PPD/PSD.CDS-PP.PPM,partidosocialdemocrata,2024-01-16 19:22:52
PPD/PSD.CDS-PP.PPM,partidosocialdemocrata,2024-01-16 11:59:22
PPD/PSD.CDS-PP.PPM,partidosocialdemocrata,2024-01-16 00:30:42
PPD/PSD.CDS-PP.PPM,partidosocialdemocrata,2024-01-14 19:59:04
PPD/PSD.CDS-PP.PPM,partidosocialdemocrata,2024-01-13 20:44:09
PPD/PSD.CDS-PP.PPM,partidosocialdemocrata,2024-01-12 22:23:15
PPD/PSD.CDS-PP.PPM,partidosocialdemocrata,2024-01-12 18:51:23
PPD/PSD.CDS-PP.PPM,partidosocialdemocrata,2024-01-11 11:50:31
PPD/PSD.CDS-PP.PPM,partidosocialdemocrata,2024-01-10 19:59:55
PPD/PSD.CDS-PP.PPM,partidosocialdemocrata,2024-01-10 11:30:32
PPD/PSD.CDS-PP.PPM,partidosocialdemocrata,2024-01-09 21:45:39
PPD/PSD.CDS-PP.PPM,partidosocialdemocrata,2024-01-09 19:58:13
PPD/PSD.CDS-PP.PPM,partidosocialdemocrata,2024-01-09 12:03:54
PPD/PSD.CDS-PP.PPM,partidosocialdemocrata,2024-01-09 11:00:15
PPD/PSD.CDS-PP.PPM,partidosocialdemocrata,2024-01-08 21:13:10
PPD/PSD.CDS-PP.PPM,partidosocialdemocrata,2024-01-07 22:49:14
PPD/PSD.CDS-PP.PPM,partidosocialdemocrata,2024-01-07 21:22:00
PPD/PSD.CDS-PP.PPM,partidosocialdemocrata,2024-01-07 16:09:50
PPD/PSD.CDS-PP.PPM,partidosocialdemocrata,2024-01-07 14:29:38
PPD/PSD.CDS-PP.PPM,partidosocialdemocrata,2024-01-06 22:26:14
PPD/PSD.CDS-PP.PPM,partidosocialdemocrata,2024-01-06 19:30:46
PPD/PSD.CDS-PP.PPM,partidosocialdemocrata,2024-01-06 10:51:19
PPD/PSD.CDS-PP.PPM,partidosocialdemocrata,2024-01-06 00:57:00
CH,partidochega,2024-03-08 23:56:01
CH,partidochega,2024-03-08 23:35:16
CH,partidochega,2024-03-08 22:55:37
CH,partidochega,2024-03-08 21:08:51
CH,partidochega,2024-03-08 16:37:35
CH,partidochega,2024-03-08 15:00:31
CH,partidochega,2024-03-08 12:28:14
CH,partidochega,2024-03-08 11:58:43
CH,partidochega,2024-03-08 10:37:42
CH,partidochega,2024-03-08 09:09:39
CH,partidochega,2024-03-07 21:34:47
CH,partidochega,2024-03-07 20:28:16
CH,partidochega,2024-03-07 17:43:44
CH,partidochega,2024-03-07 12:56:14
CH,partidochega,2024-03-07 11:14:55
CH,partidochega,2024-03-07 10:38:23
CH,partidochega,2024-03-07 09:44:01
CH,partidochega,2024-03-06 22:35:52
CH,partidochega,2024-03-06 21:07:33
CH,partidochega,2024-03-06 17:31:14
CH,partidochega,2024-03-06 15:29:28
CH,partidochega,2024-03-06 13:09:09
CH,partidochega,2024-03-06 12:00:52
CH,partidochega,2024-03-06 10:00:19
CH,partidochega,2024-03-06 01:43:09
CH,partidochega,2024-03-05 22:33:19
CH,partidochega,2024-03-05 21:28:56
CH,partidochega,2024-03-05 18:37:36
CH,partidochega,2024-03-05 18:02:34
CH,partidochega,2024-03-05 14:38:14
CH,partidochega,2024-03-05 13:34:30
CH,partidochega,2024-03-05 10:55:56
CH,partidochega,2024-03-05 00:07:55
CH,partidochega,2024-03-04 22:10:14
CH,partidochega,2024-03-04 18:43:04
CH,partidochega,2024-03-04 16:47:55
CH,partidochega,2024-03-04 14:03:16
CH,partidochega,2024-03-04 12:33:19
CH,partidochega,2024-03-04 10:30:16
CH,partidochega,2024-03-03 22:58:47
CH,partidochega,2024-03-03 21:57:31
CH,partidochega,2024-03-03 21:07:49
CH,partidochega,2024-03-03 19:35:46
CH,partidochega,2024-03-03 16:35:23
CH,partidochega,2024-03-03 12:41:43
CH,partidochega,2024-03-03 10:31:27
CH,partidochega,2024-03-02 21:47:11
CH,partidochega,2024-03-02 19:48:31
CH,partidochega,2024-03-02 15:46:48
CH,partidochega,2024-03-02 13:12:11
CH,partidochega,2024-03-02 12:05:19
CH,partidochega,2024-03-02 10:33:31
CH,partidochega,2024-03-02 00:08:57
CH,partidochega,2024-03-01 19:54:32
CH,partidochega,2024-03-01 18:09:28
CH,partidochega,2024-03-01 15:52:08
CH,partidochega,2024-03-01 14:35:06
CH,partidochega,2024-03-01 13:18:56
CH,partidochega,2024-03-01 12:16:48
CH,partidochega,2024-03-01 10:25:40
CH,partidochega,2024-02-29 21:53:46
CH,partidochega,2024-02-29 19:25:23
CH,partidochega,2024-02-29 14:42:46
CH,partidochega,2024-02-29 12:17:56
CH,partidochega,2024-02-29 09:43:41
CH,partidochega,2024-02-28 23:34:53
CH,partidochega,2024-02-28 21:49:49
CH,partidochega,2024-02-28 19:59:30
CH,partidochega,2024-02-28 19:59:09
CH,partidochega,2024-02-28 17:44:39
CH,partidochega,2024-02-28 17:14:16
CH,partidochega,2024-02-28 14:39:35
CH,partidochega,2024-02-28 12:56:54
CH,partidochega,2024-02-28 11:42:15
CH,partidochega,2024-02-28 11:37:10
CH,partidochega,2024-02-28 10:55:18
CH,partidochega,2024-02-27 22:23:17
CH,partidochega,2024-02-27 21:51:55
CH,partidochega,2024-02-27 20:28:48
CH,partidochega,2024-02-27 17:56:19
CH,partidochega,2024-02-27 11:10:15
CH,partidochega,2024-02-26 23:49:42
CH,partidochega,2024-02-26 23:39:38
CH,partidochega,2024-02-26 23:22:41
CH,partidochega,2024-02-26 21:38:20
CH,partidochega,2024-02-26 21:11:34
CH,partidochega,2024-02-26 20:01:08
CH,partidochega,2024-02-26 19:40:00
CH,partidochega,2024-02-26 19:23:52
CH,partidochega,2024-02-26 18:00:24
CH,partidochega,2024-02-26 17:03:40
CH,partidochega,2024-02-26 15:20:27
CH,partidochega,2024-02-26 14:11:17
CH,partidochega,2024-02-26 12:52:54
CH,partidochega,2024-02-26 10:48:20
CH,partidochega,2024-02-26 10:45:22
CH,partidochega,2024-02-26 08:46:42
CH,partidochega,2024-02-26 02:00:21
CH,partidochega,2024-02-25 21:28:25
CH,partidochega,2024-02-25 21:10:33
CH,partidochega,2024-02-25 20:55:36
CH,partidochega,2024-02-25 18:14:57
CH,partidochega,2024-02-25 16:59:47
CH,partidochega,2024-02-25 14:59:02
CH,partidochega,2024-02-25 12:17:21
CH,partidochega,2024-02-25 11:57:53
CH,partidochega,2024-02-25 11:22:52
CH,partidochega,2024-02-24 16:03:20
CH,partidochega,2024-02-24 13:27:31
CH,partidochega,2024-02-24 12:11:52
CH,partidochega,2024-02-24 10:24:30
CH,partidochega,2024-02-23 22:54:02
CH,partidochega,2024-02-23 20:16:50
CH,partidochega,2024-02-23 19:50:35
CH,partidochega,2024-02-23 13:42:44
CH,partidochega,2024-02-23 13:18:40
CH,partidochega,2024-02-23 13:12:54
CH,partidochega,2024-02-23 12:13:28
CH,partidochega,2024-02-23 11:04:01
CH,partidochega,2024-02-22 22:17:15
CH,partidochega,2024-02-22 14:00:52
CH,partidochega,2024-02-22 12:41:45
CH,partidochega,2024-02-22 08:21:01
CH,partidochega,2024-02-21 22:02:53
CH,partidochega,2024-02-21 19:51:15
CH,partidochega,2024-02-21 19:21:11
CH,partidochega,2024-02-21 13:11:06
CH,partidochega,2024-02-21 12:36:51
CH,partidochega,2024-02-21 12:21:17
CH,partidochega,2024-02-20 20:28:47
CH,partidochega,2024-02-20 19:43:12
CH,partidochega,2024-02-20 19:17:31
CH,partidochega,2024-02-20 15:10:37
CH,partidochega,2024-02-20 09:13:17
CH,partidochega,2024-02-19 20:02:41
CH,partidochega,2024-02-19 19:22:52
CH,partidochega,2024-02-19 18:44:00
CH,partidochega,2024-02-19 17:32:39
CH,partidochega,2024-02-19 12:48:31
CH,partidochega,2024-02-18 14:00:39
CH,partidochega,2024-02-18 11:23:28
CH,partidochega,2024-02-17 23:18:09
CH,partidochega,2024-02-17 18:19:00
CH,partidochega,2024-02-17 13:25:06
CH,partidochega,2024-02-16 23:50:24
CH,partidochega,2024-02-16 22:46:51
CH,partidochega,2024-02-16 22:09:52
CH,partidochega,2024-02-16 19:51:14
CH,partidochega,2024-02-16 13:50:24
CH,partidochega,2024-02-16 12:18:43
CH,partidochega,2024-02-16 10:57:19
CH,partidochega,2024-02-16 10:46:37
CH,partidochega,2024-02-16 09:14:38
CH,partidochega,2024-02-15 21:32:00
CH,partidochega,2024-02-15 19:26:18
CH,partidochega,2024-02-15 17:22:00
CH,partidochega,2024-02-15 11:54:39
CH,partidochega,2024-02-15 10:39:15
CH,partidochega,2024-02-14 23:20:34
CH,partidochega,2024-02-14 21:37:24
CH,partidochega,2024-02-14 21:12:03
CH,partidochega,2024-02-14 20:50:33
CH,partidochega,2024-02-14 16:04:17
CH,partidochega,2024-02-14 14:22:22
CH,partidochega,2024-02-14 00:34:09
CH,partidochega,2024-02-13 22:37:16
CH,partidochega,2024-02-13 22:07:05
CH,partidochega,2024-02-13 20:57:59
CH,partidochega,2024-02-13 19:27:25
CH,partidochega,2024-02-13 18:56:10
CH,partidochega,2024-02-13 18:34:03
CH,partidochega,2024-02-13 12:28:50
CH,partidochega,2024-02-13 11:08:01
CH,partidochega,2024-02-13 08:15:52
CH,partidochega,2024-02-12 22:25:01
CH,partidochega,2024-02-12 21:37:20
CH,partidochega,2024-02-12 21:08:13
CH,partidochega,2024-02-12 20:43:44
CH,partidochega,2024-02-12 12:29:54
CH,partidochega,2024-02-12 08:35:11
CH,partidochega,2024-02-11 15:12:23
CH,partidochega,2024-02-10 21:41:07
CH,partidochega,2024-02-10 17:23:17
CH,partidochega,2024-02-09 22:50:21
CH,partidochega,2024-02-09 22:10:33
CH,partidochega,2024-02-09 13:31:41
CH,partidochega,2024-02-09 12:06:19
CH,partidochega,2024-02-09 12:05:00
CH,partidochega,2024-02-09 10:09:29
CH,partidochega,2024-02-09 08:24:42
CH,partidochega,2024-02-08 20:58:54
CH,partidochega,2024-02-08 13:02:09
CH,partidochega,2024-02-08 08:23:23
CH,partidochega,2024-02-07 23:11:49
CH,partidochega,2024-02-07 21:27:48
CH,partidochega,2024-02-07 21:11:37
CH,partidochega,2024-02-07 15:32:13
CH,partidochega,2024-02-07 12:12:59
CH,partidochega,2024-02-07 08:52:08
CH,partidochega,2024-02-06 22:50:20
CH,partidochega,2024-02-06 22:10:49
CH,partidochega,2024-02-06 18:16:01
CH,partidochega,2024-02-06 17:27:35
CH,partidochega,2024-02-06 16:46:09
CH,partidochega,2024-02-06 14:53:16
CH,partidochega,2024-02-06 14:45:46
CH,partidochega,2024-02-06 08:28:49
CH,partidochega,2024-02-05 19:50:43
CH,partidochega,2024-02-05 18:49:14
CH,partidochega,2024-02-05 17:07:23
CH,partidochega,2024-02-05 13:31:33
CH,partidochega,2024-02-04 23:33:00
CH,partidochega,2024-02-03 16:02:18
CH,partidochega,2024-02-02 23:17:22
CH,partidochega,2024-02-02 18:47:17
CH,partidochega,2024-02-02 14:16:14
CH,partidochega,2024-02-01 21:31:30
CH,partidochega,2024-02-01 21:30:28
CH,partidochega,2024-02-01 17:27:40
CH,partidochega,2024-02-01 12:17:52
CH,partidochega,2024-02-01 11:05:46
CH,partidochega,2024-01-31 23:39:50
CH,partidochega,2024-01-31 23:31:18
CH,partidochega,2024-01-31 17:43:36
CH,partidochega,2024-01-31 16:10:05
CH,partidochega,2024-01-31 14:14:50
CH,partidochega,2024-01-31 12:40:15
CH,partidochega,2024-01-31 11:16:32
CH,partidochega,2024-01-30 20:55:35
CH,partidochega,2024-01-30 17:28:03
CH,partidochega,2024-01-30 11:08:46
CH,partidochega,2024-01-29 23:26:01
CH,partidochega,2024-01-29 18:02:26
CH,partidochega,2024-01-29 15:14:37
CH,partidochega,2024-01-29 10:04:10
CH,partidochega,2024-01-28 22:07:28
CH,partidochega,2024-01-28 13:24:00
CH,partidochega,2024-01-27 21:50:57
CH,partidochega,2024-01-27 16:21:45
CH,partidochega,2024-01-26 14:14:59
CH,partidochega,2024-01-26 12:17:54
CH,partidochega,2024-01-26 11:00:53
CH,partidochega,2024-01-26 00:06:11
CH,partidochega,2024-01-25 20:50:55
CH,partidochega,2024-01-25 19:53:37
CH,partidochega,2024-01-25 18:49:12
CH,partidochega,2024-01-24 22:21:30
CH,partidochega,2024-01-24 20:24:38
CH,partidochega,2024-01-23 20:40:17
CH,partidochega,2024-01-23 19:39:07
CH,partidochega,2024-01-23 15:08:53
CH,partidochega,2024-01-23 11:28:10
CH,partidochega,2024-01-22 22:30:55
CH,partidochega,2024-01-22 22:09:14
CH,partidochega,2024-01-22 20:11:57
CH,partidochega,2024-01-22 18:07:36
CH,partidochega,2024-01-22 16:39:46
CH,partidochega,2024-01-22 00:08:17
CH,partidochega,2024-01-21 13:43:24
CH,partidochega,2024-01-21 12:09:41
CH,partidochega,2024-01-20 22:14:16
CH,partidochega,2024-01-20 18:13:44
CH,partidochega,2024-01-20 17:24:46
CH,partidochega,2024-01-20 16:12:59
CH,partidochega,2024-01-19 19:00:00
CH,partidochega,2024-01-19 17:41:14
CH,partidochega,2024-01-19 16:33:48
CH,partidochega,2024-01-19 16:21:47
CH,partidochega,2024-01-19 15:11:51
CH,partidochega,2024-01-19 13:28:29
CH,partidochega,2024-01-19 12:27:25
CH,partidochega,2024-01-19 00:00:48
CH,partidochega,2024-01-18 22:36:07
CH,partidochega,2024-01-18 22:03:20
CH,partidochega,2024-01-18 16:12:44
CH,partidochega,2024-01-18 15:03:08
CH,partidochega,2024-01-18 10:53:40
CH,partidochega,2024-01-17 22:44:35
CH,partidochega,2024-01-17 20:19:32
CH,partidochega,2024-01-17 20:09:28
CH,partidochega,2024-01-17 19:05:22
CH,partidochega,2024-01-17 17:14:04
CH,partidochega,2024-01-17 14:29:00
CH,partidochega,2024-01-17 12:28:45
CH,partidochega,2024-01-16 21:49:52
CH,partidochega,2024-01-16 18:39:52
CH,partidochega,2024-01-15 22:21:46
CH,partidochega,2024-01-15 20:53:17
CH,partidochega,2024-01-15 15:12:11
CH,partidochega,2024-01-15 13:14:37
CH,partidochega,2024-01-14 22:26:57
CH,partidochega,2024-01-14 20:26:25
CH,partidochega,2024-01-14 16:25:41
CH,partidochega,2024-01-13 19:15:35
CH,partidochega,2024-01-13 19:11:38
CH,partidochega,2024-01-13 15:51:38
CH,partidochega,2024-01-13 13:21:54
CH,partidochega,2024-01-13 13:07:47
CH,partidochega,2024-01-12 20:31:14
CH,partidochega,2024-01-12 13:56:04
CH,partidochega,2024-01-12 10:52:22
CH,partidochega,2024-01-11 23:54:01
CH,partidochega,2024-01-11 21:59:55
CH,partidochega,2024-01-11 17:35:33
CH,partidochega,2024-01-11 15:15:05
CH,partidochega,2024-01-11 14:58:12
CH,partidochega,2024-01-10 21:00:03
CH,partidochega,2024-01-10 19:35:04
CH,partidochega,2024-01-10 14:30:42
CH,partidochega,2024-01-09 23:50:06
CH,partidochega,2024-01-09 12:00:41
CH,partidochega,2024-01-09 11:51:11
CH,partidochega,2024-01-08 19:40:43
CH,partidochega,2024-01-08 17:36:39
CH,partidochega,2024-01-08 14:14:41
CH,partidochega,2024-01-08 13:22:40
CH,partidochega,2024-01-07 21:08:50
CH,partidochega,2024-01-07 20:05:48
CH,partidochega,2024-01-07 19:02:04
CH,partidochega,2024-01-07 13:05:31
CH,partidochega,2024-01-07 11:29:21
CH,partidochega,2024-01-06 23:05:34
CH,partidochega,2024-01-06 11:04:34
IL,liberalpt,2024-03-08 23:25:42
IL,liberalpt,2024-03-08 20:15:46
IL,liberalpt,2024-03-08 19:17:23
IL,liberalpt,2024-03-08 18:38:18
IL,liberalpt,2024-03-08 17:21:47
IL,liberalpt,2024-03-08 16:05:18
IL,liberalpt,2024-03-08 14:37:26
IL,liberalpt,2024-03-08 12:38:31
IL,liberalpt,2024-03-08 11:52:09
IL,liberalpt,2024-03-08 11:02:12
IL,liberalpt,2024-03-08 10:46:14
IL,liberalpt,2024-03-08 09:18:29
IL,liberalpt,2024-03-07 21:56:08
IL,liberalpt,2024-03-07 19:27:16
IL,liberalpt,2024-03-07 17:20:39
IL,liberalpt,2024-03-07 16:18:57
IL,liberalpt,2024-03-07 15:17:48
IL,liberalpt,2024-03-07 13:01:16
IL,liberalpt,2024-03-06 22:22:57
IL,liberalpt,2024-03-06 21:07:41
IL,liberalpt,2024-03-06 19:55:11
IL,liberalpt,2024-03-06 16:34:50
IL,liberalpt,2024-03-06 14:00:08
IL,liberalpt,2024-03-05 19:19:24
IL,liberalpt,2024-03-05 17:35:10
IL,liberalpt,2024-03-05 11:06:22
IL,liberalpt,2024-03-04 16:24:09
IL,liberalpt,2024-03-04 15:43:27
IL,liberalpt,2024-03-04 12:36:41
IL,liberalpt,2024-03-03 17:23:15
IL,liberalpt,2024-03-03 15:18:19
IL,liberalpt,2024-03-03 10:23:50
IL,liberalpt,2024-03-02 18:22:53
IL,liberalpt,2024-03-02 16:05:16
IL,liberalpt,2024-03-01 23:04:09
IL,liberalpt,2024-03-01 21:51:46
IL,liberalpt,2024-03-01 20:15:19
IL,liberalpt,2024-03-01 12:46:22
IL,liberalpt,2024-02-29 18:16:57
IL,liberalpt,2024-02-28 22:28:01
IL,liberalpt,2024-02-28 22:00:37
IL,liberalpt,2024-02-28 17:34:02
IL,liberalpt,2024-02-28 17:08:53
IL,liberalpt,2024-02-28 14:36:35
IL,liberalpt,2024-02-28 01:18:41
IL,liberalpt,2024-02-27 23:47:49
IL,liberalpt,2024-02-27 22:13:11
IL,liberalpt,2024-02-27 21:25:36
IL,liberalpt,2024-02-27 17:22:38
IL,liberalpt,2024-02-27 10:51:30
IL,liberalpt,2024-02-26 23:06:56
IL,liberalpt,2024-02-26 21:47:40
IL,liberalpt,2024-02-26 14:51:35
IL,liberalpt,2024-02-25 19:02:27
IL,liberalpt,2024-02-25 17:13:00
IL,liberalpt,2024-02-25 14:49:24
IL,liberalpt,2024-02-25 12:24:20
IL,liberalpt,2024-02-25 10:43:49
IL,liberalpt,2024-02-24 20:26:37
IL,liberalpt,2024-02-24 14:52:31
IL,liberalpt,2024-02-24 11:39:34
IL,liberalpt,2024-02-23 22:33:17
IL,liberalpt,2024-02-23 22:19:45
IL,liberalpt,2024-02-23 20:46:03
IL,liberalpt,2024-02-23 17:09:39
IL,liberalpt,2024-02-23 15:54:24
IL,liberalpt,2024-02-23 11:16:41
IL,liberalpt,2024-02-23 10:35:59
IL,liberalpt,2024-02-22 20:38:50
IL,liberalpt,2024-02-20 23:37:51
IL,liberalpt,2024-02-20 21:33:32
IL,liberalpt,2024-02-20 16:32:57
IL,liberalpt,2024-02-20 16:12:17
IL,liberalpt,2024-02-20 15:26:10
IL,liberalpt,2024-02-20 13:35:22
IL,liberalpt,2024-02-19 22:45:05
IL,liberalpt,2024-02-19 21:50:09
IL,liberalpt,2024-02-19 20:57:23
IL,liberalpt,2024-02-19 20:25:25
IL,liberalpt,2024-02-19 10:03:55
IL,liberalpt,2024-02-19 00:24:59
IL,liberalpt,2024-02-18 22:01:41
IL,liberalpt,2024-02-18 21:01:47
IL,liberalpt,2024-02-18 13:18:33
IL,liberalpt,2024-02-17 22:10:59
IL,liberalpt,2024-02-17 18:05:54
IL,liberalpt,2024-02-17 14:30:31
IL,liberalpt,2024-02-17 13:25:58
IL,liberalpt,2024-02-16 19:15:28
IL,liberalpt,2024-02-16 16:27:45
IL,liberalpt,2024-02-15 20:52:57
IL,liberalpt,2024-02-15 19:24:48
IL,liberalpt,2024-02-15 18:59:53
IL,liberalpt,2024-02-15 18:44:04
IL,liberalpt,2024-02-15 15:20:29
IL,liberalpt,2024-02-15 13:15:43
IL,liberalpt,2024-02-14 20:53:38
IL,liberalpt,2024-02-14 18:37:09
IL,liberalpt,2024-02-14 16:03:08
IL,liberalpt,2024-02-14 11:59:56
IL,liberalpt,2024-02-13 21:10:58
IL,liberalpt,2024-02-13 16:13:54
IL,liberalpt,2024-02-13 11:18:21
IL,liberalpt,2024-02-12 22:36:25
IL,liberalpt,2024-02-12 18:05:21
IL,liberalpt,2024-02-12 17:50:29
IL,liberalpt,2024-02-12 17:06:55
IL,liberalpt,2024-02-12 15:32:54
IL,liberalpt,2024-02-12 12:40:01
IL,liberalpt,2024-02-11 23:03:49
IL,liberalpt,2024-02-11 17:50:35
IL,liberalpt,2024-02-10 15:01:43
IL,liberalpt,2024-02-10 12:57:13
IL,liberalpt,2024-02-09 22:20:57
IL,liberalpt,2024-02-09 18:30:24
IL,liberalpt,2024-02-09 15:29:01
IL,liberalpt,2024-02-09 13:33:10
IL,liberalpt,2024-02-09 09:53:15
IL,liberalpt,2024-02-08 23:25:51
IL,liberalpt,2024-02-08 20:09:09
IL,liberalpt,2024-02-08 18:28:47
IL,liberalpt,2024-02-07 19:56:48
IL,liberalpt,2024-02-07 19:15:59
IL,liberalpt,2024-02-07 17:45:37
IL,liberalpt,2024-02-07 16:29:20
IL,liberalpt,2024-02-07 13:53:15
IL,liberalpt,2024-02-07 11:53:46
IL,liberalpt,2024-02-07 00:14:07
IL,liberalpt,2024-02-06 23:44:15
IL,liberalpt,2024-02-06 23:32:29
IL,liberalpt,2024-02-06 23:06:42
IL,liberalpt,2024-02-06 20:25:34
IL,liberalpt,2024-02-06 18:49:24
IL,liberalpt,2024-02-06 16:35:12
IL,liberalpt,2024-02-06 13:26:03
IL,liberalpt,2024-02-06 12:07:44
IL,liberalpt,2024-02-05 22:37:35
IL,liberalpt,2024-02-05 16:54:27
IL,liberalpt,2024-02-04 23:38:43
IL,liberalpt,2024-02-03 16:10:37
IL,liberalpt,2024-02-03 13:24:00
IL,liberalpt,2024-02-02 22:53:35
IL,liberalpt,2024-02-02 20:14:23
IL,liberalpt,2024-02-01 20:00:41
IL,liberalpt,2024-01-31 22:02:30
IL,liberalpt,2024-01-31 20:55:35
IL,liberalpt,2024-01-31 18:27:20
IL,liberalpt,2024-01-31 15:01:29
IL,liberalpt,2024-01-30 21:53:48
IL,liberalpt,2024-01-30 20:42:37
IL,liberalpt,2024-01-30 20:23:58
IL,liberalpt,2024-01-28 20:20:27
IL,liberalpt,2024-01-28 17:43:39
IL,liberalpt,2024-01-28 16:19:28
IL,liberalpt,2024-01-28 14:14:04
IL,liberalpt,2024-01-27 16:30:19
IL,liberalpt,2024-01-27 12:19:11
IL,liberalpt,2024-01-26 21:59:37
IL,liberalpt,2024-01-25 22:21:34
IL,liberalpt,2024-01-25 20:49:47
IL,liberalpt,2024-01-25 17:16:28
IL,liberalpt,2024-01-24 15:16:57
IL,liberalpt,2024-01-24 13:18:26
IL,liberalpt,2024-01-23 21:11:53
IL,liberalpt,2024-01-23 14:38:53
IL,liberalpt,2024-01-20 21:02:11
IL,liberalpt,2024-01-20 16:01:18
IL,liberalpt,2024-01-20 14:19:38
IL,liberalpt,2024-01-19 20:47:32
IL,liberalpt,2024-01-19 11:44:31
IL,liberalpt,2024-01-16 21:47:19
IL,liberalpt,2024-01-16 15:40:10
IL,liberalpt,2024-01-15 22:06:59
IL,liberalpt,2024-01-14 21:43:33
IL,liberalpt,2024-01-14 16:06:15
IL,liberalpt,2024-01-14 12:57:58
IL,liberalpt,2024-01-13 19:57:08
IL,liberalpt,2024-01-09 22:09:58
IL,liberalpt,2024-01-09 17:15:24
B.E.,blocodeesquerdaoficial,2024-03-08 23:14:43
B.E.,blocodeesquerdaoficial,2024-03-08 23:04:35
B.E.,blocodeesquerdaoficial,2024-03-08 20:04:21
B.E.,blocodeesquerdaoficial,2024-03-08 18:48:32
B.E.,blocodeesquerdaoficial,2024-03-08 16:00:56
B.E.,blocodeesquerdaoficial,2024-03-08 14:57:18
B.E.,blocodeesquerdaoficial,2024-03-08 13:55:06
B.E.,blocodeesquerdaoficial,2024-03-08 12:29:55
B.E.,blocodeesquerdaoficial,2024-03-08 12:05:50
B.E.,blocodeesquerdaoficial,2024-03-08 11:11:20
B.E.,blocodeesquerdaoficial,2024-03-08 10:41:15
B.E.,blocodeesquerdaoficial,2024-03-07 21:00:42
B.E.,blocodeesquerdaoficial,2024-03-07 19:00:51
B.E.,blocodeesquerdaoficial,2024-03-07 17:03:15
B.E.,blocodeesquerdaoficial,2024-03-07 14:46:35
B.E.,blocodeesquerdaoficial,2024-03-07 14:09:11
B.E.,blocodeesquerdaoficial,2024-03-07 13:44:08
B.E.,blocodeesquerdaoficial,2024-03-07 12:13:52
B.E.,blocodeesquerdaoficial,2024-03-07 11:37:39
B.E.,blocodeesquerdaoficial,2024-03-07 11:01:17
B.E.,blocodeesquerdaoficial,2024-03-07 08:13:42
B.E.,blocodeesquerdaoficial,2024-03-06 21:10:43
B.E.,blocodeesquerdaoficial,2024-03-06 17:40:05
B.E.,blocodeesquerdaoficial,2024-03-06 14:45:40
B.E.,blocodeesquerdaoficial,2024-03-06 13:46:06
B.E.,blocodeesquerdaoficial,2024-03-06 12:05:25
B.E.,blocodeesquerdaoficial,2024-03-06 11:55:20
B.E.,blocodeesquerdaoficial,2024-03-06 10:23:29
B.E.,blocodeesquerdaoficial,2024-03-06 10:03:39
B.E.,blocodeesquerdaoficial,2024-03-05 22:28:52
B.E.,blocodeesquerdaoficial,2024-03-05 20:33:29
B.E.,blocodeesquerdaoficial,2024-03-05 20:14:14
B.E.,blocodeesquerdaoficial,2024-03-05 17:14:31
B.E.,blocodeesquerdaoficial,2024-03-05 17:07:06
B.E.,blocodeesquerdaoficial,2024-03-05 15:12:56
B.E.,blocodeesquerdaoficial,2024-03-05 14:08:43
B.E.,blocodeesquerdaoficial,2024-03-05 13:00:44
B.E.,blocodeesquerdaoficial,2024-03-05 12:09:45
B.E.,blocodeesquerdaoficial,2024-03-05 11:37:04
B.E.,blocodeesquerdaoficial,2024-03-05 10:12:16
B.E.,blocodeesquerdaoficial,2024-03-05 02:24:46
B.E.,blocodeesquerdaoficial,2024-03-04 22:05:05
B.E.,blocodeesquerdaoficial,2024-03-04 20:37:51
B.E.,blocodeesquerdaoficial,2024-03-04 18:53:42
B.E.,blocodeesquerdaoficial,2024-03-04 17:53:26
B.E.,blocodeesquerdaoficial,2024-03-04 17:05:44
B.E.,blocodeesquerdaoficial,2024-03-04 16:29:06
B.E.,blocodeesquerdaoficial,2024-03-04 16:09:12
B.E.,blocodeesquerdaoficial,2024-03-04 14:33:32
B.E.,blocodeesquerdaoficial,2024-03-04 13:10:21
B.E.,blocodeesquerdaoficial,2024-03-04 12:44:50
B.E.,blocodeesquerdaoficial,2024-03-04 11:25:58
B.E.,blocodeesquerdaoficial,2024-03-04 09:01:40
B.E.,blocodeesquerdaoficial,2024-03-03 22:02:05
B.E.,blocodeesquerdaoficial,2024-03-03 17:20:53
B.E.,blocodeesquerdaoficial,2024-03-03 10:44:43
B.E.,blocodeesquerdaoficial,2024-03-03 10:17:53
B.E.,blocodeesquerdaoficial,2024-03-02 22:14:21
B.E.,blocodeesquerdaoficial,2024-03-02 19:14:55
B.E.,blocodeesquerdaoficial,2024-03-02 15:53:04
B.E.,blocodeesquerdaoficial,2024-03-02 14:06:08
B.E.,blocodeesquerdaoficial,2024-03-02 13:53:39
B.E.,blocodeesquerdaoficial,2024-03-02 13:01:18
B.E.,blocodeesquerdaoficial,2024-03-02 11:04:53
B.E.,blocodeesquerdaoficial,2024-03-02 09:55:33
B.E.,blocodeesquerdaoficial,2024-03-01 19:15:42
B.E.,blocodeesquerdaoficial,2024-03-01 17:51:53
B.E.,blocodeesquerdaoficial,2024-03-01 16:58:02
B.E.,blocodeesquerdaoficial,2024-03-01 14:42:49
B.E.,blocodeesquerdaoficial,2024-03-01 12:23:32
B.E.,blocodeesquerdaoficial,2024-02-29 19:11:37
B.E.,blocodeesquerdaoficial,2024-02-29 18:02:44
B.E.,blocodeesquerdaoficial,2024-02-29 16:53:47
B.E.,blocodeesquerdaoficial,2024-02-29 10:47:57
B.E.,blocodeesquerdaoficial,2024-02-29 10:18:00
B.E.,blocodeesquerdaoficial,2024-02-29 09:18:20
B.E.,blocodeesquerdaoficial,2024-02-29 01:20:59
B.E.,blocodeesquerdaoficial,2024-02-28 22:02:22
B.E.,blocodeesquerdaoficial,2024-02-28 15:53:43
B.E.,blocodeesquerdaoficial,2024-02-28 13:58:13
B.E.,blocodeesquerdaoficial,2024-02-28 12:18:12
B.E.,blocodeesquerdaoficial,2024-02-28 11:59:20
B.E.,blocodeesquerdaoficial,2024-02-28 11:34:09
B.E.,blocodeesquerdaoficial,2024-02-27 21:02:34
B.E.,blocodeesquerdaoficial,2024-02-27 18:43:09
B.E.,blocodeesquerdaoficial,2024-02-27 17:25:36
B.E.,blocodeesquerdaoficial,2024-02-27 15:45:55
B.E.,blocodeesquerdaoficial,2024-02-27 12:56:43
B.E.,blocodeesquerdaoficial,2024-02-27 11:26:48
B.E.,blocodeesquerdaoficial,2024-02-27 09:43:00
B.E.,blocodeesquerdaoficial,2024-02-26 21:57:16
B.E.,blocodeesquerdaoficial,2024-02-26 17:59:23
B.E.,blocodeesquerdaoficial,2024-02-26 17:42:58
B.E.,blocodeesquerdaoficial,2024-02-26 16:55:51
B.E.,blocodeesquerdaoficial,2024-02-26 13:15:01
B.E.,blocodeesquerdaoficial,2024-02-26 12:40:28
B.E.,blocodeesquerdaoficial,2024-02-26 12:15:47
B.E.,blocodeesquerdaoficial,2024-02-25 20:39:09
B.E.,blocodeesquerdaoficial,2024-02-25 19:53:54
B.E.,blocodeesquerdaoficial,2024-02-25 17:37:15
B.E.,blocodeesquerdaoficial,2024-02-25 13:13:05
B.E.,blocodeesquerdaoficial,2024-02-25 00:08:54
B.E.,blocodeesquerdaoficial,2024-02-24 19:04:37
B.E.,blocodeesquerdaoficial,2024-02-24 18:06:27
B.E.,blocodeesquerdaoficial,2024-02-24 15:02:46
B.E.,blocodeesquerdaoficial,2024-02-23 23:49:18
B.E.,blocodeesquerdaoficial,2024-02-23 23:37:37
B.E.,blocodeesquerdaoficial,2024-02-23 23:11:01
B.E.,blocodeesquerdaoficial,2024-02-23 22:57:56
B.E.,blocodeesquerdaoficial,2024-02-23 14:39:28
B.E.,blocodeesquerdaoficial,2024-02-23 14:19:08
B.E.,blocodeesquerdaoficial,2024-02-23 09:06:53
B.E.,blocodeesquerdaoficial,2024-02-22 16:45:07
B.E.,blocodeesquerdaoficial,2024-02-22 15:49:11
B.E.,blocodeesquerdaoficial,2024-02-22 12:00:09
B.E.,blocodeesquerdaoficial,2024-02-21 23:40:43
B.E.,blocodeesquerdaoficial,2024-02-21 20:50:42
B.E.,blocodeesquerdaoficial,2024-02-21 14:23:48
B.E.,blocodeesquerdaoficial,2024-02-21 09:00:16
B.E.,blocodeesquerdaoficial,2024-02-21 00:22:57
B.E.,blocodeesquerdaoficial,2024-02-20 21:41:27
B.E.,blocodeesquerdaoficial,2024-02-20 18:02:00
B.E.,blocodeesquerdaoficial,2024-02-20 11:25:39
B.E.,blocodeesquerdaoficial,2024-02-19 19:11:25
B.E.,blocodeesquerdaoficial,2024-02-19 14:13:31
B.E.,blocodeesquerdaoficial,2024-02-19 00:07:55
B.E.,blocodeesquerdaoficial,2024-02-18 23:49:14
B.E.,blocodeesquerdaoficial,2024-02-18 23:09:26
B.E.,blocodeesquerdaoficial,2024-02-17 18:54:13
B.E.,blocodeesquerdaoficial,2024-02-16 22:43:12
B.E.,blocodeesquerdaoficial,2024-02-16 22:23:01
B.E.,blocodeesquerdaoficial,2024-02-16 21:59:12
B.E.,blocodeesquerdaoficial,2024-02-16 18:25:45
B.E.,blocodeesquerdaoficial,2024-02-15 21:59:39
B.E.,blocodeesquerdaoficial,2024-02-15 21:14:58
B.E.,blocodeesquerdaoficial,2024-02-15 21:03:42
B.E.,blocodeesquerdaoficial,2024-02-15 20:06:18
B.E.,blocodeesquerdaoficial,2024-02-15 19:48:29
B.E.,blocodeesquerdaoficial,2024-02-15 19:37:06
B.E.,blocodeesquerdaoficial,2024-02-15 16:36:48
B.E.,blocodeesquerdaoficial,2024-02-15 14:45:50
B.E.,blocodeesquerdaoficial,2024-02-14 19:15:22
B.E.,blocodeesquerdaoficial,2024-02-14 11:08:11
B.E.,blocodeesquerdaoficial,2024-02-14 00:36:31
B.E.,blocodeesquerdaoficial,2024-02-13 23:38:22
B.E.,blocodeesquerdaoficial,2024-02-13 23:23:26
B.E.,blocodeesquerdaoficial,2024-02-13 23:04:42
B.E.,blocodeesquerdaoficial,2024-02-13 23:00:59
B.E.,blocodeesquerdaoficial,2024-02-13 22:40:52
B.E.,blocodeesquerdaoficial,2024-02-13 08:05:11
B.E.,blocodeesquerdaoficial,2024-02-12 15:07:45
B.E.,blocodeesquerdaoficial,2024-02-11 23:19:21
B.E.,blocodeesquerdaoficial,2024-02-11 18:28:53
B.E.,blocodeesquerdaoficial,2024-02-11 16:24:30
B.E.,blocodeesquerdaoficial,2024-02-11 10:26:11
B.E.,blocodeesquerdaoficial,2024-02-11 09:41:48
B.E.,blocodeesquerdaoficial,2024-02-11 01:38:26
B.E.,blocodeesquerdaoficial,2024-02-10 19:27:31
B.E.,blocodeesquerdaoficial,2024-02-10 09:30:36
B.E.,blocodeesquerdaoficial,2024-02-09 20:06:08
B.E.,blocodeesquerdaoficial,2024-02-09 14:52:43
B.E.,blocodeesquerdaoficial,2024-02-08 21:45:29
B.E.,blocodeesquerdaoficial,2024-02-08 19:53:47
B.E.,blocodeesquerdaoficial,2024-02-07 16:48:46
B.E.,blocodeesquerdaoficial,2024-02-07 15:02:07
B.E.,blocodeesquerdaoficial,2024-02-07 12:20:01
B.E.,blocodeesquerdaoficial,2024-02-06 22:30:26
B.E.,blocodeesquerdaoficial,2024-02-06 21:31:25
B.E.,blocodeesquerdaoficial,2024-02-06 14:13:49
B.E.,blocodeesquerdaoficial,2024-02-06 11:14:05
B.E.,blocodeesquerdaoficial,2024-02-05 13:18:25
B.E.,blocodeesquerdaoficial,2024-02-04 12:42:53
B.E.,blocodeesquerdaoficial,2024-02-04 12:03:37
B.E.,blocodeesquerdaoficial,2024-02-03 20:49:29
B.E.,blocodeesquerdaoficial,2024-02-03 16:08:20
B.E.,blocodeesquerdaoficial,2024-02-03 08:58:22
B.E.,blocodeesquerdaoficial,2024-02-02 21:15:08
B.E.,blocodeesquerdaoficial,2024-02-02 15:27:58
B.E.,blocodeesquerdaoficial,2024-02-01 14:53:41
B.E.,blocodeesquerdaoficial,2024-02-01 11:29:43
B.E.,blocodeesquerdaoficial,2024-01-31 14:14:05
B.E.,blocodeesquerdaoficial,2024-01-30 09:55:23
B.E.,blocodeesquerdaoficial,2024-01-27 21:31:09
B.E.,blocodeesquerdaoficial,2024-01-27 19:29:59
B.E.,blocodeesquerdaoficial,2024-01-26 14:15:19
B.E.,blocodeesquerdaoficial,2024-01-26 11:38:12
B.E.,blocodeesquerdaoficial,2024-01-25 18:36:06
B.E.,blocodeesquerdaoficial,2024-01-25 09:07:10
B.E.,blocodeesquerdaoficial,2024-01-24 19:50:43
B.E.,blocodeesquerdaoficial,2024-01-24 16:05:43
B.E.,blocodeesquerdaoficial,2024-01-23 18:57:27
B.E.,blocodeesquerdaoficial,2024-01-23 16:48:36
B.E.,blocodeesquerdaoficial,2024-01-22 16:41:41
B.E.,blocodeesquerdaoficial,2024-01-22 11:50:33
B.E.,blocodeesquerdaoficial,2024-01-21 20:55:09
B.E.,blocodeesquerdaoficial,2024-01-20 23:02:19
B.E.,blocodeesquerdaoficial,2024-01-19 17:00:57
B.E.,blocodeesquerdaoficial,2024-01-19 14:45:28
B.E.,blocodeesquerdaoficial,2024-01-18 18:03:13
B.E.,blocodeesquerdaoficial,2024-01-17 10:34:49
B.E.,blocodeesquerdaoficial,2024-01-16 12:50:59
B.E.,blocodeesquerdaoficial,2024-01-15 16:13:10
B.E.,blocodeesquerdaoficial,2024-01-15 13:17:46
B.E.,blocodeesquerdaoficial,2024-01-13 09:09:53
B.E.,blocodeesquerdaoficial,2024-01-12 16:54:31
B.E.,blocodeesquerdaoficial,2024-01-11 17:13:36
B.E.,blocodeesquerdaoficial,2024-01-11 08:21:20
B.E.,blocodeesquerdaoficial,2024-01-10 21:06:09
B.E.,blocodeesquerdaoficial,2024-01-10 11:04:51
B.E.,blocodeesquerdaoficial,2024-01-09 19:56:57
B.E.,blocodeesquerdaoficial,2024-01-08 17:44:07
B.E.,blocodeesquerdaoficial,2024-01-08 11:04:50
B.E.,blocodeesquerdaoficial,2024-01-07 13:40:19
B.E.,blocodeesquerdaoficial,2024-01-06 10:42:24
PCP,pcp.pt,2024-03-08 23:35:07
PCP,pcp.pt,2024-03-08 23:13:03
PCP,pcp.pt,2024-03-08 23:11:58
PCP,pcp.pt,2024-03-08 21:35:10
PCP,pcp.pt,2024-03-08 21:04:00
PCP,pcp.pt,2024-03-08 20:53:16
PCP,pcp.pt,2024-03-08 18:49:22
PCP,pcp.pt,2024-03-08 18:42:38
PCP,pcp.pt,2024-03-08 18:06:12
PCP,pcp.pt,2024-03-08 17:58:24
PCP,pcp.pt,2024-03-08 16:52:02
PCP,pcp.pt,2024-03-08 16:14:16
PCP,pcp.pt,2024-03-08 15:52:22
PCP,pcp.pt,2024-03-08 15:46:43
PCP,pcp.pt,2024-03-08 13:54:38
PCP,pcp.pt,2024-03-08 13:18:03
PCP,pcp.pt,2024-03-08 11:49:33
PCP,pcp.pt,2024-03-08 09:09:13
PCP,pcp.pt,2024-03-08 08:31:58
PCP,pcp.pt,2024-03-08 07:22:45
PCP,pcp.pt,2024-03-07 23:43:39
PCP,pcp.pt,2024-03-07 22:51:25
PCP,pcp.pt,2024-03-07 19:07:45
PCP,pcp.pt,2024-03-07 17:11:53
PCP,pcp.pt,2024-03-07 15:57:59
PCP,pcp.pt,2024-03-07 15:42:17
PCP,pcp.pt,2024-03-07 14:56:20
PCP,pcp.pt,2024-03-07 14:04:37
PCP,pcp.pt,2024-03-07 13:32:06
PCP,pcp.pt,2024-03-07 10:45:54
PCP,pcp.pt,2024-03-07 00:27:28
PCP,pcp.pt,2024-03-07 00:09:10
PCP,pcp.pt,2024-03-06 22:21:01
PCP,pcp.pt,2024-03-06 22:00:01
PCP,pcp.pt,2024-03-06 21:01:50
PCP,pcp.pt,2024-03-06 20:09:02
PCP,pcp.pt,2024-03-06 19:41:19
PCP,pcp.pt,2024-03-06 19:22:42
PCP,pcp.pt,2024-03-06 18:23:49
PCP,pcp.pt,2024-03-06 18:15:47
PCP,pcp.pt,2024-03-06 18:08:07
PCP,pcp.pt,2024-03-06 17:48:24
PCP,pcp.pt,2024-03-06 17:32:48
PCP,pcp.pt,2024-03-06 16:21:19
PCP,pcp.pt,2024-03-06 14:24:47
PCP,pcp.pt,2024-03-06 13:42:13
PCP,pcp.pt,2024-03-06 13:28:53
PCP,pcp.pt,2024-03-06 13:04:26
PCP,pcp.pt,2024-03-06 09:47:09
PCP,pcp.pt,2024-03-06 00:15:56
PCP,pcp.pt,2024-03-05 23:34:59
PCP,pcp.pt,2024-03-05 23:16:12
PCP,pcp.pt,2024-03-05 19:13:14
PCP,pcp.pt,2024-03-05 18:39:43
PCP,pcp.pt,2024-03-05 18:36:18
PCP,pcp.pt,2024-03-05 18:35:03
PCP,pcp.pt,2024-03-05 17:39:21
PCP,pcp.pt,2024-03-05 17:23:33
PCP,pcp.pt,2024-03-05 15:02:27
PCP,pcp.pt,2024-03-05 11:09:25
PCP,pcp.pt,2024-03-05 10:27:47
PCP,pcp.pt,2024-03-05 09:43:35
PCP,pcp.pt,2024-03-05 07:21:07
PCP,pcp.pt,2024-03-04 21:27:11
PCP,pcp.pt,2024-03-04 19:25:52
PCP,pcp.pt,2024-03-04 18:36:21
PCP,pcp.pt,2024-03-04 17:16:17
PCP,pcp.pt,2024-03-04 16:39:39
PCP,pcp.pt,2024-03-04 16:27:45
PCP,pcp.pt,2024-03-04 15:54:55
PCP,pcp.pt,2024-03-04 15:41:15
PCP,pcp.pt,2024-03-04 14:31:38
PCP,pcp.pt,2024-03-04 14:24:32
PCP,pcp.pt,2024-03-04 14:18:53
PCP,pcp.pt,2024-03-04 12:54:17
PCP,pcp.pt,2024-03-04 11:14:53
PCP,pcp.pt,2024-03-04 09:40:52
PCP,pcp.pt,2024-03-04 02:27:14
PCP,pcp.pt,2024-03-04 01:54:51
PCP,pcp.pt,2024-03-03 22:00:54
PCP,pcp.pt,2024-03-03 21:00:13
PCP,pcp.pt,2024-03-03 18:06:12
PCP,pcp.pt,2024-03-03 16:49:03
PCP,pcp.pt,2024-03-03 15:19:17
PCP,pcp.pt,2024-03-03 14:53:00
PCP,pcp.pt,2024-03-03 11:12:22
PCP,pcp.pt,2024-03-03 09:59:52
PCP,pcp.pt,2024-03-03 08:48:11
PCP,pcp.pt,2024-03-03 01:08:11
PCP,pcp.pt,2024-03-02 20:41:23
PCP,pcp.pt,2024-03-02 19:48:49
PCP,pcp.pt,2024-03-02 19:47:25
PCP,pcp.pt,2024-03-02 18:53:36
PCP,pcp.pt,2024-03-02 18:22:52
PCP,pcp.pt,2024-03-02 17:38:23
PCP,pcp.pt,2024-03-02 16:06:45
PCP,pcp.pt,2024-03-02 15:44:54
PCP,pcp.pt,2024-03-02 15:23:12
PCP,pcp.pt,2024-03-02 01:23:55
PCP,pcp.pt,2024-03-01 22:02:11
PCP,pcp.pt,2024-03-01 18:23:29
PCP,pcp.pt,2024-03-01 18:06:12
PCP,pcp.pt,2024-03-01 17:43:11
PCP,pcp.pt,2024-03-01 16:16:51
PCP,pcp.pt,2024-03-01 16:01:28
PCP,pcp.pt,2024-03-01 15:43:34
PCP,pcp.pt,2024-03-01 13:49:06
PCP,pcp.pt,2024-03-01 13:17:41
PCP,pcp.pt,2024-03-01 10:58:42
PCP,pcp.pt,2024-03-01 09:10:09
PCP,pcp.pt,2024-03-01 08:09:18
PCP,pcp.pt,2024-03-01 08:01:23
PCP,pcp.pt,2024-02-29 23:48:59
PCP,pcp.pt,2024-02-29 22:28:16
PCP,pcp.pt,2024-02-29 21:53:40
PCP,pcp.pt,2024-02-29 19:08:30
PCP,pcp.pt,2024-02-29 19:06:56
PCP,pcp.pt,2024-02-29 17:50:10
PCP,pcp.pt,2024-02-29 16:21:10
PCP,pcp.pt,2024-02-29 16:01:05
PCP,pcp.pt,2024-02-29 15:14:13
PCP,pcp.pt,2024-02-29 14:25:00
PCP,pcp.pt,2024-02-29 14:21:31
PCP,pcp.pt,2024-02-29 12:18:50
PCP,pcp.pt,2024-02-29 10:25:08
PCP,pcp.pt,2024-02-28 22:55:51
PCP,pcp.pt,2024-02-28 21:51:24
PCP,pcp.pt,2024-02-28 18:14:17
PCP,pcp.pt,2024-02-28 18:00:44
PCP,pcp.pt,2024-02-28 16:29:09
PCP,pcp.pt,2024-02-28 15:29:06
PCP,pcp.pt,2024-02-28 11:33:50
PCP,pcp.pt,2024-02-28 10:18:10
PCP,pcp.pt,2024-02-27 21:02:14
PCP,pcp.pt,2024-02-27 18:35:39
PCP,pcp.pt,2024-02-27 18:07:06
PCP,pcp.pt,2024-02-27 16:40:18
PCP,pcp.pt,2024-02-27 16:03:57
PCP,pcp.pt,2024-02-26 19:51:41
PCP,pcp.pt,2024-02-26 18:02:13
PCP,pcp.pt,2024-02-26 10:10:03
PCP,pcp.pt,2024-02-25 23:59:00
PCP,pcp.pt,2024-02-25 23:18:06
PCP,pcp.pt,2024-02-25 23:00:16
PCP,pcp.pt,2024-02-25 16:24:31
PCP,pcp.pt,2024-02-25 11:59:43
PCP,pcp.pt,2024-02-25 11:12:26
PCP,pcp.pt,2024-02-25 01:57:53
PCP,pcp.pt,2024-02-24 22:43:13
PCP,pcp.pt,2024-02-24 22:24:41
PCP,pcp.pt,2024-02-24 18:00:30
PCP,pcp.pt,2024-02-24 15:13:22
PCP,pcp.pt,2024-02-24 14:01:26
PCP,pcp.pt,2024-02-23 23:41:36
PCP,pcp.pt,2024-02-23 20:06:01
PCP,pcp.pt,2024-02-23 18:07:57
PCP,pcp.pt,2024-02-23 17:41:41
PCP,pcp.pt,2024-02-23 16:38:58
PCP,pcp.pt,2024-02-23 13:25:39
PCP,pcp.pt,2024-02-23 11:13:17
PCP,pcp.pt,2024-02-22 22:03:33
PCP,pcp.pt,2024-02-22 18:11:39
PCP,pcp.pt,2024-02-22 17:59:24
PCP,pcp.pt,2024-02-22 16:23:50
PCP,pcp.pt,2024-02-22 14:38:08
PCP,pcp.pt,2024-02-21 23:50:39
PCP,pcp.pt,2024-02-21 18:59:07
PCP,pcp.pt,2024-02-21 15:51:17
PCP,pcp.pt,2024-02-21 10:25:14
PCP,pcp.pt,2024-02-20 23:56:03
PCP,pcp.pt,2024-02-20 23:23:47
PCP,pcp.pt,2024-02-20 19:31:11
PCP,pcp.pt,2024-02-20 19:09:46
PCP,pcp.pt,2024-02-20 18:10:13
PCP,pcp.pt,2024-02-20 17:44:43
PCP,pcp.pt,2024-02-20 14:59:43
PCP,pcp.pt,2024-02-19 21:49:53
PCP,pcp.pt,2024-02-18 20:54:49
PCP,pcp.pt,2024-02-18 20:15:40
PCP,pcp.pt,2024-02-18 19:34:11
PCP,pcp.pt,2024-02-18 18:06:12
PCP,pcp.pt,2024-02-18 17:20:48
PCP,pcp.pt,2024-02-18 13:32:53
PCP,pcp.pt,2024-02-18 09:34:20
PCP,pcp.pt,2024-02-18 09:10:25
PCP,pcp.pt,2024-02-18 00:57:27
PCP,pcp.pt,2024-02-18 00:26:19
PCP,pcp.pt,2024-02-17 19:49:18
PCP,pcp.pt,2024-02-17 18:16:13
PCP,pcp.pt,2024-02-17 18:06:16
PCP,pcp.pt,2024-02-17 16:18:11
PCP,pcp.pt,2024-02-16 22:20:43
PCP,pcp.pt,2024-02-16 21:05:25
PCP,pcp.pt,2024-02-16 20:09:57
PCP,pcp.pt,2024-02-16 19:29:17
PCP,pcp.pt,2024-02-16 19:20:12
PCP,pcp.pt,2024-02-16 18:17:57
PCP,pcp.pt,2024-02-16 18:14:55
PCP,pcp.pt,2024-02-16 14:13:07
PCP,pcp.pt,2024-02-16 08:00:47
PCP,pcp.pt,2024-02-16 00:26:11
PCP,pcp.pt,2024-02-15 23:45:27
PCP,pcp.pt,2024-02-15 22:48:26
PCP,pcp.pt,2024-02-15 22:04:53
PCP,pcp.pt,2024-02-15 17:12:42
PCP,pcp.pt,2024-02-15 14:10:06
PCP,pcp.pt,2024-02-15 00:37:33
PCP,pcp.pt,2024-02-14 23:57:55
PCP,pcp.pt,2024-02-14 18:26:56
PCP,pcp.pt,2024-02-14 14:16:33
PCP,pcp.pt,2024-02-13 22:11:26
PCP,pcp.pt,2024-02-13 21:13:19
PCP,pcp.pt,2024-02-13 20:12:02
PCP,pcp.pt,2024-02-13 19:06:13
PCP,pcp.pt,2024-02-13 18:16:35
PCP,pcp.pt,2024-02-13 17:24:18
PCP,pcp.pt,2024-02-13 00:17:52
PCP,pcp.pt,2024-02-12 20:23:11
PCP,pcp.pt,2024-02-12 18:46:12
PCP,pcp.pt,2024-02-12 18:36:27
PCP,pcp.pt,2024-02-12 00:14:19
PCP,pcp.pt,2024-02-11 19:06:12
PCP,pcp.pt,2024-02-11 17:45:27
PCP,pcp.pt,2024-02-11 15:24:11
PCP,pcp.pt,2024-02-11 14:42:04
PCP,pcp.pt,2024-02-11 11:31:36
PCP,pcp.pt,2024-02-11 00:02:22
PCP,pcp.pt,2024-02-10 19:53:03
PCP,pcp.pt,2024-02-10 18:44:41
PCP,pcp.pt,2024-02-10 18:28:14
PCP,pcp.pt,2024-02-10 18:11:09
PCP,pcp.pt,2024-02-10 13:27:23
PCP,pcp.pt,2024-02-10 00:54:25
PCP,pcp.pt,2024-02-09 19:52:08
PCP,pcp.pt,2024-02-09 19:02:12
PCP,pcp.pt,2024-02-09 18:16:06
PCP,pcp.pt,2024-02-09 18:08:08
PCP,pcp.pt,2024-02-09 17:45:51
PCP,pcp.pt,2024-02-09 17:19:40
PCP,pcp.pt,2024-02-09 10:35:13
PCP,pcp.pt,2024-02-08 17:47:44
PCP,pcp.pt,2024-02-08 12:56:33
PCP,pcp.pt,2024-02-08 08:18:07
PCP,pcp.pt,2024-02-07 23:32:04
PCP,pcp.pt,2024-02-07 18:39:46
PCP,pcp.pt,2024-02-07 18:25:32
PCP,pcp.pt,2024-02-07 16:53:51
PCP,pcp.pt,2024-02-07 16:45:00
PCP,pcp.pt,2024-02-07 13:42:56
PCP,pcp.pt,2024-02-07 09:16:42
PCP,pcp.pt,2024-02-07 06:30:48
PCP,pcp.pt,2024-02-06 23:16:48
PCP,pcp.pt,2024-02-06 23:02:41
PCP,pcp.pt,2024-02-06 14:51:23
PCP,pcp.pt,2024-02-06 12:55:50
PCP,pcp.pt,2024-02-06 10:44:12
PCP,pcp.pt,2024-02-06 10:36:03
PCP,pcp.pt,2024-02-06 07:50:05
PCP,pcp.pt,2024-02-05 20:57:50
PCP,pcp.pt,2024-02-05 18:40:42
PCP,pcp.pt,2024-02-05 10:54:47
PCP,pcp.pt,2024-02-05 07:34:59
PCP,pcp.pt,2024-02-05 00:44:05
PCP,pcp.pt,2024-02-04 20:56:59
PCP,pcp.pt,2024-02-04 18:06:12
PCP,pcp.pt,2024-02-04 17:27:15
PCP,pcp.pt,2024-02-04 13:27:29
PCP,pcp.pt,2024-02-04 10:45:33
PCP,pcp.pt,2024-02-03 21:53:57
PCP,pcp.pt,2024-02-03 12:27:00
PCP,pcp.pt,2024-02-03 09:36:09
PCP,pcp.pt,2024-02-03 08:43:43
PCP,pcp.pt,2024-02-03 01:34:10
PCP,pcp.pt,2024-02-02 19:46:22
PCP,pcp.pt,2024-02-02 19:15:40
PCP,pcp.pt,2024-02-02 18:38:34
PCP,pcp.pt,2024-02-02 18:06:09
PCP,pcp.pt,2024-02-02 13:23:19
PCP,pcp.pt,2024-02-01 23:55:13
PCP,pcp.pt,2024-02-01 22:23:15
PCP,pcp.pt,2024-02-01 21:39:53
PCP,pcp.pt,2024-02-01 18:35:51
PCP,pcp.pt,2024-02-01 17:24:06
PCP,pcp.pt,2024-02-01 15:39:39
PCP,pcp.pt,2024-02-01 10:33:50
PCP,pcp.pt,2024-02-01 09:09:59
PCP,pcp.pt,2024-01-31 17:02:29
PCP,pcp.pt,2024-01-31 17:01:17
PCP,pcp.pt,2024-01-31 12:33:57
PCP,pcp.pt,2024-01-31 00:50:48
PCP,pcp.pt,2024-01-30 20:43:43
PCP,pcp.pt,2024-01-30 20:32:21
PCP,pcp.pt,2024-01-30 19:38:01
PCP,pcp.pt,2024-01-29 23:11:17
PCP,pcp.pt,2024-01-29 16:51:14
PCP,pcp.pt,2024-01-29 12:28:18
PCP,pcp.pt,2024-01-29 10:49:50
PCP,pcp.pt,2024-01-28 12:13:16
PCP,pcp.pt,2024-01-27 22:00:03
PCP,pcp.pt,2024-01-27 19:43:41
PCP,pcp.pt,2024-01-27 16:13:46
PCP,pcp.pt,2024-01-27 13:44:30
PCP,pcp.pt,2024-01-27 10:06:10
PCP,pcp.pt,2024-01-27 00:21:07
PCP,pcp.pt,2024-01-26 19:58:04
PCP,pcp.pt,2024-01-26 18:02:09
PCP,pcp.pt,2024-01-26 11:54:47
PCP,pcp.pt,2024-01-26 09:20:29
PCP,pcp.pt,2024-01-25 19:44:30
PCP,pcp.pt,2024-01-25 17:33:03
PCP,pcp.pt,2024-01-25 10:22:41
PCP,pcp.pt,2024-01-25 10:03:49
PCP,pcp.pt,2024-01-24 17:26:51
PCP,pcp.pt,2024-01-24 17:15:51
PCP,pcp.pt,2024-01-24 07:14:38
PCP,pcp.pt,2024-01-23 23:33:32
PCP,pcp.pt,2024-01-23 22:31:34
PCP,pcp.pt,2024-01-23 16:27:25
PCP,pcp.pt,2024-01-23 16:07:09
PCP,pcp.pt,2024-01-23 15:02:14
PCP,pcp.pt,2024-01-23 11:13:38
PCP,pcp.pt,2024-01-22 13:05:56
PCP,pcp.pt,2024-01-22 08:22:05
PCP,pcp.pt,2024-01-21 22:56:11
PCP,pcp.pt,2024-01-21 20:33:41
PCP,pcp.pt,2024-01-20 23:45:52
PCP,pcp.pt,2024-01-20 19:24:28
PCP,pcp.pt,2024-01-19 21:49:13
PCP,pcp.pt,2024-01-19 18:06:10
PCP,pcp.pt,2024-01-19 08:16:38
PCP,pcp.pt,2024-01-18 21:52:56
PCP,pcp.pt,2024-01-18 19:48:30
PCP,pcp.pt,2024-01-18 18:49:25
PCP,pcp.pt,2024-01-18 17:56:06
PCP,pcp.pt,2024-01-18 16:26:49
PCP,pcp.pt,2024-01-18 15:51:19
PCP,pcp.pt,2024-01-18 11:04:49
PCP,pcp.pt,2024-01-18 10:54:11
PCP,pcp.pt,2024-01-18 10:53:43
PCP,pcp.pt,2024-01-18 10:37:47
PCP,pcp.pt,2024-01-18 07:37:09
PCP,pcp.pt,2024-01-17 16:58:58
PCP,pcp.pt,2024-01-17 15:45:15
PCP,pcp.pt,2024-01-17 13:04:14
PCP,pcp.pt,2024-01-17 07:59:46
PCP,pcp.pt,2024-01-16 21:24:34
PCP,pcp.pt,2024-01-16 20:47:34
PCP,pcp.pt,2024-01-16 19:03:08
PCP,pcp.pt,2024-01-16 16:29:07
PCP,pcp.pt,2024-01-16 15:15:14
PCP,pcp.pt,2024-01-16 14:15:25
PCP,pcp.pt,2024-01-16 10:43:54
PCP,pcp.pt,2024-01-16 10:36:36
PCP,pcp.pt,2024-01-16 08:58:32
PCP,pcp.pt,2024-01-15 21:51:39
PCP,pcp.pt,2024-01-15 17:02:49
PCP,pcp.pt,2024-01-15 14:18:06
PCP,pcp.pt,2024-01-15 12:53:44
PCP,pcp.pt,2024-01-15 07:09:16
PCP,pcp.pt,2024-01-15 00:46:09
PCP,pcp.pt,2024-01-14 22:22:34
PCP,pcp.pt,2024-01-14 11:58:05
PCP,pcp.pt,2024-01-14 11:37:41
PCP,pcp.pt,2024-01-14 10:31:37
PCP,pcp.pt,2024-01-14 10:02:50
PCP,pcp.pt,2024-01-14 09:55:33
PCP,pcp.pt,2024-01-14 09:20:13
PCP,pcp.pt,2024-01-13 22:46:18
PCP,pcp.pt,2024-01-13 19:32:50
PCP,pcp.pt,2024-01-13 19:06:06
PCP,pcp.pt,2024-01-13 14:54:41
PCP,pcp.pt,2024-01-12 22:31:45
PCP,pcp.pt,2024-01-12 20:38:43
PCP,pcp.pt,2024-01-12 18:07:08
PCP,pcp.pt,2024-01-12 16:59:28
PCP,pcp.pt,2024-01-12 16:40:35
PCP,pcp.pt,2024-01-12 15:47:09
PCP,pcp.pt,2024-01-12 14:35:58
PCP,pcp.pt,2024-01-12 11:54:42
PCP,pcp.pt,2024-01-12 08:12:14
PCP,pcp.pt,2024-01-11 21:59:51
PCP,pcp.pt,2024-01-11 21:55:06
PCP,pcp.pt,2024-01-11 17:07:18
PCP,pcp.pt,2024-01-11 14:21:43
PCP,pcp.pt,2024-01-11 12:59:50
PCP,pcp.pt,2024-01-11 11:49:37
PCP,pcp.pt,2024-01-11 09:30:36
PCP,pcp.pt,2024-01-11 02:59:27
PCP,pcp.pt,2024-01-11 00:37:32
PCP,pcp.pt,2024-01-10 20:25:54
PCP,pcp.pt,2024-01-10 19:49:49
PCP,pcp.pt,2024-01-10 19:22:31
PCP,pcp.pt,2024-01-10 18:44:47
PCP,pcp.pt,2024-01-10 17:53:18
PCP,pcp.pt,2024-01-10 16:11:52
PCP,pcp.pt,2024-01-10 14:44:54
PCP,pcp.pt,2024-01-10 10:08:47
PCP,pcp.pt,2024-01-10 02:02:19
PCP,pcp.pt,2024-01-09 21:57:05
PCP,pcp.pt,2024-01-09 21:54:56
PCP,pcp.pt,2024-01-09 20:02:43
PCP,pcp.pt,2024-01-09 13:08:21
PCP,pcp.pt,2024-01-09 07:52:59
PCP,pcp.pt,2024-01-08 23:17:15
PCP,pcp.pt,2024-01-08 20:26:59
PCP,pcp.pt,2024-01-08 17:28:10
PCP,pcp.pt,2024-01-08 16:47:38
PCP,pcp.pt,2024-01-08 16:21:17
PCP,pcp.pt,2024-01-08 15:04:36
PCP,pcp.pt,2024-01-08 14:30:36
PCP,pcp.pt,2024-01-08 08:35:58
PCP,pcp.pt,2024-01-07 22:39:51
PCP,pcp.pt,2024-01-07 20:40:39
PCP,pcp.pt,2024-01-07 18:06:10
PCP,pcp.pt,2024-01-07 13:02:32
PCP,pcp.pt,2024-01-07 03:22:56
PCP,pcp.pt,2024-01-06 23:57:57
PCP,pcp.pt,2024-01-06 20:18:43
PCP,pcp.pt,2024-01-06 17:55:02
PCP,pcp.pt,2024-01-06 17:03:03
PCP,pcp.pt,2024-01-06 12:36:58
L,partidolivre,2024-03-08 23:55:35
L,partidolivre,2024-03-08 23:53:58
L,partidolivre,2024-03-08 23:45:30
L,partidolivre,2024-03-08 23:36:41
L,partidolivre,2024-03-08 23:23:37
L,partidolivre,2024-03-08 22:54:27
L,partidolivre,2024-03-08 22:32:42
L,partidolivre,2024-03-08 22:23:33
L,partidolivre,2024-03-08 22:22:04
L,partidolivre,2024-03-08 22:12:49
L,partidolivre,2024-03-08 21:54:04
L,partidolivre,2024-03-08 21:46:40
L,partidolivre,2024-03-08 21:44:29
L,partidolivre,2024-03-08 21:25:21
L,partidolivre,2024-03-08 21:22:40
L,partidolivre,2024-03-08 20:33:13
L,partidolivre,2024-03-08 20:23:47
L,partidolivre,2024-03-08 19:56:00
L,partidolivre,2024-03-08 19:51:30
L,partidolivre,2024-03-08 19:44:10
L,partidolivre,2024-03-08 19:17:24
L,partidolivre,2024-03-08 19:07:50
L,partidolivre,2024-03-08 19:02:26
L,partidolivre,2024-03-08 18:43:35
L,partidolivre,2024-03-08 18:08:49
L,partidolivre,2024-03-08 17:55:28
L,partidolivre,2024-03-08 17:48:14
L,partidolivre,2024-03-08 16:59:59
L,partidolivre,2024-03-08 16:58:28
L,partidolivre,2024-03-08 16:55:08
L,partidolivre,2024-03-08 16:45:28
L,partidolivre,2024-03-08 15:50:20
L,partidolivre,2024-03-08 15:17:36
L,partidolivre,2024-03-08 14:23:42
L,partidolivre,2024-03-08 13:57:47
L,partidolivre,2024-03-08 13:44:53
L,partidolivre,2024-03-08 13:26:02
L,partidolivre,2024-03-08 13:25:06
L,partidolivre,2024-03-08 13:07:44
L,partidolivre,2024-03-08 13:01:22
L,partidolivre,2024-03-08 12:33:03
L,partidolivre,2024-03-08 12:30:40
L,partidolivre,2024-03-08 11:39:40
L,partidolivre,2024-03-08 11:37:12
L,partidolivre,2024-03-08 11:26:56
L,partidolivre,2024-03-08 00:00:31
L,partidolivre,2024-03-07 23:47:14
L,partidolivre,2024-03-07 23:18:05
L,partidolivre,2024-03-07 22:30:12
L,partidolivre,2024-03-07 21:43:49
L,partidolivre,2024-03-07 20:19:24
L,partidolivre,2024-03-07 19:32:03
L,partidolivre,2024-03-07 19:13:15
L,partidolivre,2024-03-07 17:22:00
L,partidolivre,2024-03-07 15:46:49
L,partidolivre,2024-03-07 15:19:40
L,partidolivre,2024-03-07 15:14:45
L,partidolivre,2024-03-07 12:22:06
L,partidolivre,2024-03-07 11:22:50
L,partidolivre,2024-03-07 11:05:23
L,partidolivre,2024-03-07 08:30:14
L,partidolivre,2024-03-07 08:25:22
L,partidolivre,2024-03-07 07:00:34
L,partidolivre,2024-03-07 00:58:32
L,partidolivre,2024-03-07 00:26:26
L,partidolivre,2024-03-06 22:28:55
L,partidolivre,2024-03-06 22:12:39
L,partidolivre,2024-03-06 21:49:38
L,partidolivre,2024-03-06 21:43:58
L,partidolivre,2024-03-06 21:18:31
L,partidolivre,2024-03-06 20:53:37
L,partidolivre,2024-03-06 20:30:04
L,partidolivre,2024-03-06 20:18:30
L,partidolivre,2024-03-06 19:58:22
L,partidolivre,2024-03-06 19:03:03
L,partidolivre,2024-03-06 18:30:48
L,partidolivre,2024-03-06 17:25:13
L,partidolivre,2024-03-06 17:02:48
L,partidolivre,2024-03-06 16:55:19
L,partidolivre,2024-03-06 15:36:13
L,partidolivre,2024-03-06 14:57:56
L,partidolivre,2024-03-06 14:51:32
L,partidolivre,2024-03-06 14:04:01
L,partidolivre,2024-03-06 13:17:04
L,partidolivre,2024-03-06 12:58:13
L,partidolivre,2024-03-05 23:21:38
L,partidolivre,2024-03-05 21:00:57
L,partidolivre,2024-03-05 20:38:33
L,partidolivre,2024-03-05 20:37:46
L,partidolivre,2024-03-05 20:12:23
L,partidolivre,2024-03-05 19:04:00
L,partidolivre,2024-03-05 18:28:00
L,partidolivre,2024-03-05 17:39:22
L,partidolivre,2024-03-05 13:38:49
L,partidolivre,2024-03-05 11:22:23
L,partidolivre,2024-03-05 08:25:13
L,partidolivre,2024-03-05 08:17:05
L,partidolivre,2024-03-04 22:33:09
L,partidolivre,2024-03-04 21:55:21
L,partidolivre,2024-03-04 21:42:32
L,partidolivre,2024-03-04 21:32:26
L,partidolivre,2024-03-04 20:43:10
L,partidolivre,2024-03-04 19:44:01
L,partidolivre,2024-03-04 19:16:04
L,partidolivre,2024-03-04 18:56:24
L,partidolivre,2024-03-04 18:45:13
L,partidolivre,2024-03-04 18:39:15
L,partidolivre,2024-03-04 17:25:03
L,partidolivre,2024-03-04 16:47:32
L,partidolivre,2024-03-04 12:45:06
L,partidolivre,2024-03-04 11:49:06
L,partidolivre,2024-03-03 22:45:53
L,partidolivre,2024-03-03 20:20:08
L,partidolivre,2024-03-03 20:09:06
L,partidolivre,2024-03-03 20:01:11
L,partidolivre,2024-03-03 19:55:20
L,partidolivre,2024-03-03 19:41:30
L,partidolivre,2024-03-03 13:48:10
L,partidolivre,2024-03-03 09:48:39
L,partidolivre,2024-03-03 09:30:41
L,partidolivre,2024-03-02 21:44:04
L,partidolivre,2024-03-02 21:05:08
L,partidolivre,2024-03-02 20:35:29
L,partidolivre,2024-03-02 19:53:26
L,partidolivre,2024-03-02 16:24:45
L,partidolivre,2024-03-02 16:11:44
L,partidolivre,2024-03-02 15:54:54
L,partidolivre,2024-03-02 15:16:13
L,partidolivre,2024-03-02 10:57:46
L,partidolivre,2024-03-02 10:26:32
L,partidolivre,2024-03-01 23:09:51
L,partidolivre,2024-03-01 23:08:23
L,partidolivre,2024-03-01 20:37:09
L,partidolivre,2024-03-01 20:27:11
L,partidolivre,2024-03-01 18:19:09
L,partidolivre,2024-03-01 17:21:48
L,partidolivre,2024-03-01 15:44:10
L,partidolivre,2024-03-01 13:19:43
L,partidolivre,2024-03-01 11:09:15
L,partidolivre,2024-03-01 10:23:36
L,partidolivre,2024-02-29 22:03:37
L,partidolivre,2024-02-29 21:43:56
L,partidolivre,2024-02-29 21:11:27
L,partidolivre,2024-02-29 20:43:36
L,partidolivre,2024-02-29 20:10:42
L,partidolivre,2024-02-29 18:28:08
L,partidolivre,2024-02-29 18:00:07
L,partidolivre,2024-02-29 17:32:05
L,partidolivre,2024-02-29 17:19:04
L,partidolivre,2024-02-29 16:59:14
L,partidolivre,2024-02-29 15:23:40
L,partidolivre,2024-02-29 14:55:44
L,partidolivre,2024-02-29 12:14:37
L,partidolivre,2024-02-28 21:27:04
L,partidolivre,2024-02-28 20:35:15
L,partidolivre,2024-02-28 19:58:29
L,partidolivre,2024-02-28 18:59:45
L,partidolivre,2024-02-28 17:03:54
L,partidolivre,2024-02-28 16:05:53
L,partidolivre,2024-02-28 12:38:28
L,partidolivre,2024-02-28 12:05:38
L,partidolivre,2024-02-28 09:12:17
L,partidolivre,2024-02-28 00:17:57
L,partidolivre,2024-02-27 22:42:29
L,partidolivre,2024-02-27 22:13:34
L,partidolivre,2024-02-27 20:32:58
L,partidolivre,2024-02-27 20:07:11
L,partidolivre,2024-02-27 20:01:01
L,partidolivre,2024-02-27 18:43:10
L,partidolivre,2024-02-27 17:33:02
L,partidolivre,2024-02-27 15:42:34
L,partidolivre,2024-02-27 13:21:22
L,partidolivre,2024-02-27 12:42:18
L,partidolivre,2024-02-27 09:57:04
L,partidolivre,2024-02-27 07:10:19
L,partidolivre,2024-02-27 00:17:43
L,partidolivre,2024-02-26 23:13:20
L,partidolivre,2024-02-26 23:09:43
L,partidolivre,2024-02-26 18:55:24
L,partidolivre,2024-02-26 18:31:33
L,partidolivre,2024-02-26 18:14:42
L,partidolivre,2024-02-26 15:49:54
L,partidolivre,2024-02-26 13:07:17
L,partidolivre,2024-02-26 12:19:38
L,partidolivre,2024-02-26 12:02:26
L,partidolivre,2024-02-26 10:45:03
L,partidolivre,2024-02-26 08:44:41
L,partidolivre,2024-02-26 00:24:51
L,partidolivre,2024-02-26 00:06:57
L,partidolivre,2024-02-25 21:12:05
L,partidolivre,2024-02-25 20:41:54
L,partidolivre,2024-02-25 19:47:23
L,partidolivre,2024-02-25 13:40:02
L,partidolivre,2024-02-24 17:22:41
L,partidolivre,2024-02-24 13:55:42
L,partidolivre,2024-02-24 13:34:01
L,partidolivre,2024-02-23 23:53:21
L,partidolivre,2024-02-23 20:00:08
L,partidolivre,2024-02-23 19:53:44
L,partidolivre,2024-02-23 17:57:57
L,partidolivre,2024-02-23 16:50:10
L,partidolivre,2024-02-23 16:46:11
L,partidolivre,2024-02-23 15:55:34
L,partidolivre,2024-02-23 15:53:51
L,partidolivre,2024-02-23 11:51:42
L,partidolivre,2024-02-23 08:46:37
L,partidolivre,2024-02-22 21:39:56
L,partidolivre,2024-02-22 21:13:23
L,partidolivre,2024-02-22 18:23:19
L,partidolivre,2024-02-22 16:24:03
L,partidolivre,2024-02-21 21:56:55
L,partidolivre,2024-02-21 17:39:27
L,partidolivre,2024-02-21 17:10:06
L,partidolivre,2024-02-21 15:24:28
L,partidolivre,2024-02-21 12:04:06
L,partidolivre,2024-02-21 09:20:10
L,partidolivre,2024-02-21 00:03:31
L,partidolivre,2024-02-20 22:08:42
L,partidolivre,2024-02-20 20:37:43
L,partidolivre,2024-02-20 18:47:28
L,partidolivre,2024-02-20 17:52:54
L,partidolivre,2024-02-20 11:57:09
L,partidolivre,2024-02-19 19:24:32
L,partidolivre,2024-02-19 18:51:09
L,partidolivre,2024-02-19 16:48:03
L,partidolivre,2024-02-19 12:19:10
L,partidolivre,2024-02-18 19:09:04
L,partidolivre,2024-02-18 00:50:59
L,partidolivre,2024-02-17 23:42:51
L,partidolivre,2024-02-17 23:02:11
L,partidolivre,2024-02-17 01:35:18
L,partidolivre,2024-02-17 00:14:03
L,partidolivre,2024-02-16 20:00:21
L,partidolivre,2024-02-16 18:48:03
L,partidolivre,2024-02-16 17:52:31
L,partidolivre,2024-02-16 12:09:02
L,partidolivre,2024-02-16 08:43:05
L,partidolivre,2024-02-15 19:27:09
L,partidolivre,2024-02-15 16:10:33
L,partidolivre,2024-02-15 14:43:12
L,partidolivre,2024-02-15 12:36:28
L,partidolivre,2024-02-15 11:24:34
L,partidolivre,2024-02-14 20:12:12
L,partidolivre,2024-02-13 22:38:25
L,partidolivre,2024-02-13 21:41:51
L,partidolivre,2024-02-13 20:04:52
L,partidolivre,2024-02-13 16:42:20
L,partidolivre,2024-02-13 12:09:00
L,partidolivre,2024-02-12 20:23:32
L,partidolivre,2024-02-12 19:50:50
L,partidolivre,2024-02-12 16:26:31
L,partidolivre,2024-02-12 11:20:59
L,partidolivre,2024-02-11 19:32:39
L,partidolivre,2024-02-10 18:46:11
L,partidolivre,2024-02-09 23:47:27
L,partidolivre,2024-02-09 22:30:44
L,partidolivre,2024-02-09 17:15:09
L,partidolivre,2024-02-09 12:51:02
L,partidolivre,2024-02-08 22:02:36
L,partidolivre,2024-02-08 20:05:07
L,partidolivre,2024-02-08 19:17:31
L,partidolivre,2024-02-08 17:41:31
L,partidolivre,2024-02-08 15:34:43
L,partidolivre,2024-02-08 15:15:55
L,partidolivre,2024-02-08 13:53:28
L,partidolivre,2024-02-08 12:48:39
L,partidolivre,2024-02-08 10:27:38
L,partidolivre,2024-02-08 08:03:49
L,partidolivre,2024-02-07 22:20:46
L,partidolivre,2024-02-07 21:44:55
L,partidolivre,2024-02-07 19:10:20
L,partidolivre,2024-02-07 16:04:06
L,partidolivre,2024-02-06 18:55:27
L,partidolivre,2024-02-06 17:08:16
L,partidolivre,2024-02-06 14:48:44
L,partidolivre,2024-02-05 23:04:12
L,partidolivre,2024-02-05 17:47:07
L,partidolivre,2024-02-05 17:27:36
L,partidolivre,2024-02-05 13:40:45
L,partidolivre,2024-02-02 20:30:57
L,partidolivre,2024-02-02 18:08:00
L,partidolivre,2024-02-01 17:12:11
L,partidolivre,2024-02-01 12:24:14
L,partidolivre,2024-02-01 11:46:12
L,partidolivre,2024-01-31 17:14:01
L,partidolivre,2024-01-31 16:52:39
L,partidolivre,2024-01-31 12:01:58
L,partidolivre,2024-01-30 17:06:44
L,partidolivre,2024-01-29 16:59:21
L,partidolivre,2024-01-28 00:53:20
L,partidolivre,2024-01-27 23:53:07
L,partidolivre,2024-01-27 23:17:40
L,partidolivre,2024-01-27 22:49:52
L,partidolivre,2024-01-26 17:26:40
L,partidolivre,2024-01-25 20:03:55
L,partidolivre,2024-01-25 16:33:52
L,partidolivre,2024-01-24 18:27:09
L,partidolivre,2024-01-24 12:08:39
L,partidolivre,2024-01-23 21:25:06
L,partidolivre,2024-01-23 20:08:04
L,partidolivre,2024-01-23 15:58:11
L,partidolivre,2024-01-22 18:49:35
L,partidolivre,2024-01-22 16:08:30
L,partidolivre,2024-01-22 12:32:41
L,partidolivre,2024-01-21 12:00:08
L,partidolivre,2024-01-21 09:50:20
L,partidolivre,2024-01-20 16:52:10
L,partidolivre,2024-01-19 17:41:26
L,partidolivre,2024-01-19 11:41:27
L,partidolivre,2024-01-18 20:10:53
L,partidolivre,2024-01-18 12:15:34
L,partidolivre,2024-01-17 19:15:23
L,partidolivre,2024-01-17 15:30:25
L,partidolivre,2024-01-12 19:06:59
L,partidolivre,2024-01-12 17:13:35
L,partidolivre,2024-01-12 15:18:13
L,partidolivre,2024-01-12 14:55:34
L,partidolivre,2024-01-11 19:26:59
L,partidolivre,2024-01-10 19:15:16
L,partidolivre,2024-01-10 16:07:32
L,partidolivre,2024-01-10 11:08:12
L,partidolivre,2024-01-10 09:47:10
L,partidolivre,2024-01-09 19:32:42
L,partidolivre,2024-01-09 16:59:02
L,partidolivre,2024-01-08 16:30:56
PAN,partido_pan,2024-03-08 23:42:12
PAN,partido_pan,2024-03-08 21:46:44
PAN,partido_pan,2024-03-08 19:47:54
PAN,partido_pan,2024-03-08 18:40:21
PAN,partido_pan,2024-03-08 17:31:57
PAN,partido_pan,2024-03-08 15:40:48
PAN,partido_pan,2024-03-08 15:25:17
PAN,partido_pan,2024-03-08 15:15:05
PAN,partido_pan,2024-03-08 12:00:37
PAN,partido_pan,2024-03-08 10:30:29
PAN,partido_pan,2024-03-08 08:35:01
PAN,partido_pan,2024-03-07 22:35:00
PAN,partido_pan,2024-03-07 21:15:31
PAN,partido_pan,2024-03-07 20:50:37
PAN,partido_pan,2024-03-07 19:47:20
PAN,partido_pan,2024-03-07 18:30:15
PAN,partido_pan,2024-03-07 15:10:50
PAN,partido_pan,2024-03-07 08:53:22
PAN,partido_pan,2024-03-06 18:06:01
PAN,partido_pan,2024-03-06 16:39:57
PAN,partido_pan,2024-03-06 13:18:02
PAN,partido_pan,2024-03-06 11:42:21
PAN,partido_pan,2024-03-05 23:19:18
PAN,partido_pan,2024-03-05 19:52:41
PAN,partido_pan,2024-03-05 10:22:32
PAN,partido_pan,2024-03-05 10:05:53
PAN,partido_pan,2024-03-04 21:44:34
PAN,partido_pan,2024-03-04 11:46:06
PAN,partido_pan,2024-03-03 10:29:10
PAN,partido_pan,2024-03-03 09:30:30
PAN,partido_pan,2024-03-01 11:32:22
PAN,partido_pan,2024-02-29 16:54:04
PAN,partido_pan,2024-02-29 10:04:33
PAN,partido_pan,2024-02-28 20:51:01
PAN,partido_pan,2024-02-28 18:31:45
PAN,partido_pan,2024-02-28 11:28:16
PAN,partido_pan,2024-02-27 22:37:27
PAN,partido_pan,2024-02-27 22:29:35
PAN,partido_pan,2024-02-27 17:30:00
PAN,partido_pan,2024-02-27 14:12:53
PAN,partido_pan,2024-02-27 11:22:07
PAN,partido_pan,2024-02-26 20:05:59
PAN,partido_pan,2024-02-26 12:05:48
PAN,partido_pan,2024-02-25 17:59:28
PAN,partido_pan,2024-02-25 13:09:14
PAN,partido_pan,2024-02-25 11:19:54
PAN,partido_pan,2024-02-24 20:37:26
PAN,partido_pan,2024-02-24 15:19:06
PAN,partido_pan,2024-02-23 18:06:39
PAN,partido_pan,2024-02-23 10:55:46
PAN,partido_pan,2024-02-22 22:24:07
PAN,partido_pan,2024-02-22 15:41:08
PAN,partido_pan,2024-02-22 00:07:04
PAN,partido_pan,2024-02-21 21:35:45
PAN,partido_pan,2024-02-21 19:42:41
PAN,partido_pan,2024-02-21 16:37:35
PAN,partido_pan,2024-02-21 13:46:08
PAN,partido_pan,2024-02-20 23:42:21
PAN,partido_pan,2024-02-20 21:53:32
PAN,partido_pan,2024-02-20 18:54:18
PAN,partido_pan,2024-02-20 17:11:16
PAN,partido_pan,2024-02-20 15:17:28
PAN,partido_pan,2024-02-20 13:02:14
PAN,partido_pan,2024-02-20 10:35:55
PAN,partido_pan,2024-02-19 11:56:37
PAN,partido_pan,2024-02-18 19:59:44
PAN,partido_pan,2024-02-18 19:04:56
PAN,partido_pan,2024-02-17 21:36:39
PAN,partido_pan,2024-02-14 17:23:37
PAN,partido_pan,2024-02-14 16:02:26
PAN,partido_pan,2024-02-13 16:50:28
PAN,partido_pan,2024-02-11 18:20:31
PAN,partido_pan,2024-02-11 17:40:15
PAN,partido_pan,2024-02-11 10:23:58
PAN,partido_pan,2024-02-10 18:24:11
PAN,partido_pan,2024-02-10 16:46:17
PAN,partido_pan,2024-02-09 17:14:41
PAN,partido_pan,2024-02-09 16:06:12
PAN,partido_pan,2024-02-09 13:06:05
PAN,partido_pan,2024-02-09 11:48:00
PAN,partido_pan,2024-02-09 09:26:40
PAN,partido_pan,2024-02-08 13:32:11
PAN,partido_pan,2024-02-07 19:30:43
PAN,partido_pan,2024-02-06 17:10:50
PAN,partido_pan,2024-02-05 21:52:43
PAN,partido_pan,2024-02-05 17:09:52
PAN,partido_pan,2024-02-05 00:31:31
PAN,partido_pan,2024-02-03 22:27:35
PAN,partido_pan,2024-01-31 18:10:31
PAN,partido_pan,2024-01-31 10:39:02
PAN,partido_pan,2024-01-30 10:38:03
PAN,partido_pan,2024-01-29 13:00:04
PAN,partido_pan,2024-01-28 10:12:10
PAN,partido_pan,2024-01-27 22:42:47
PAN,partido_pan,2024-01-26 18:43:25
PAN,partido_pan,2024-01-25 22:16:03
PAN,partido_pan,2024-01-24 16:07:03
PAN,partido_pan,2024-01-22 13:55:22
PAN,partido_pan,2024-01-21 11:09:12
PAN,partido_pan,2024-01-20 19:40:32
PAN,partido_pan,2024-01-20 18:27:19
PAN,partido_pan,2024-01-20 10:17:41
PAN,partido_pan,2024-01-19 16:23:44
PAN,partido_pan,2024-01-18 11:13:34
PAN,partido_pan,2024-01-17 07:27:25
PAN,partido_pan,2024-01-15 09:32:19
PAN,partido_pan,2024-01-13 21:10:23
PAN,partido_pan,2024-01-12 18:23:34
PAN,partido_pan,2024-01-11 19:29:52
PAN,partido_pan,2024-01-10 16:48:45
